[{"pk": 1, "model": "rw.language", "fields": {"language_code": "en"}}, {"pk": 2, "model": "rw.language", "fields": {"language_code": "es"}}, {"pk": 5, "model": "rw.localizedstring", "fields": {"localized_string": "male", "language": 1}}, {"pk": 6, "model": "rw.localizedstring", "fields": {"localized_string": "hombre", "language": 2}}, {"pk": 7, "model": "rw.localizedstring", "fields": {"localized_string": "female", "language": 1}}, {"pk": 8, "model": "rw.localizedstring", "fields": {"localized_string": "mujer", "language": 2}}, {"pk": 9, "model": "rw.localizedstring", "fields": {"localized_string": "Why are you using Roundware?", "language": 1}}, {"pk": 10, "model": "rw.localizedstring", "fields": {"localized_string": "\u00bfPor qu\u00e9 utiliza Roundware?", "language": 2}}, {"pk": 15, "model": "rw.localizedstring", "fields": {"localized_string": "Artist", "language": 1}}, {"pk": 16, "model": "rw.localizedstring", "fields": {"localized_string": "Artista", "language": 2}}, {"pk": 17, "model": "rw.localizedstring", "fields": {"localized_string": "Visitor", "language": 1}}, {"pk": 18, "model": "rw.localizedstring", "fields": {"localized_string": "Visitante", "language": 2}}, {"pk": 41, "model": "rw.localizedstring", "fields": {"localized_string": "Leave feedback", "language": 1}}, {"pk": 42, "model": "rw.localizedstring", "fields": {"localized_string": "Dejar comentario", "language": 2}}, {"pk": 43, "model": "rw.localizedstring", "fields": {"localized_string": "Respond to something you've heard.", "language": 1}}, {"pk": 44, "model": "rw.localizedstring", "fields": {"localized_string": "Responde sobre algo que has escuchado.", "language": 2}}, {"pk": 47, "model": "rw.localizedstring", "fields": {"localized_string": "You are out of range of this Roundware project.  Please go somewhere within range and try again.  Thank you.", "language": 1}}, {"pk": 48, "model": "rw.localizedstring", "fields": {"localized_string": "Est\u00e1 fuera del alcance de este proyecto Roundware. Por favor, vaya en alguna parte dentro del rango y vuelve a intentarlo. Gracias.", "language": 2}}, {"pk": 49, "model": "rw.localizedstring", "fields": {"localized_string": "Check out this awesome recording I made using Roundware!", "language": 1}}, {"pk": 50, "model": "rw.localizedstring", "fields": {"localized_string": "Echa un vistazo a este impresionante grabaci\u00f3n que hice usando Roundware!", "language": 2}}, {"pk": 53, "model": "rw.localizedstring", "fields": {"localized_string": "Herein should be the brief legal agreement that participants need to agree to in order to make and submit a recording to a Roundware project.", "language": 1}}, {"pk": 54, "model": "rw.localizedstring", "fields": {"localized_string": "En esto deber\u00eda ser el acuerdo escrito legal que los participantes deben ponerse de acuerdo a fin de realizar y presentar una grabaci\u00f3n a un proyecto Roundware.", "language": 2}}, {"pk": 1, "model": "rw.repeatmode", "fields": {"mode": "stop"}}, {"pk": 2, "model": "rw.repeatmode", "fields": {"mode": "continuous"}}, {"pk": 1, "model": "rw.project", "fields": {"geo_speak_enabled": true, "sharing_message_loc": [49, 50], "legal_agreement_loc": [53, 54], "files_version": "1", "out_of_range_url": "http://scapesaudio.dyndns.org:8000/mg_outofrange.mp3", "speak_questions_dynamic": false, "files_url": "http://halseyburgund.com/dev/webview", "recording_radius": 20, "max_recording_length": 30, "listen_enabled": true, "reset_tag_defaults_on_startup": true, "latitude": 1.0, "audio_stream_bitrate": "128", "geo_listen_enabled": true, "audio_format": "mp3", "out_of_range_message_loc": [47, 48], "repeat_mode": 1, "auto_submit": true, "listen_questions_dynamic": false, "pub_date": "2011-12-06 16:06:32", "speak_enabled": true, "name": "Test Project", "longitude": 1.0, "sharing_url": "http://aas.si.edu/r/eid=[id]"}}, {"pk": 7, "model": "rw.project", "fields": {"geo_speak_enabled": true, "sharing_message_loc": [49], "legal_agreement_loc": [53], "files_version": "", "out_of_range_url": "http://", "speak_questions_dynamic": false, "files_url": "", "recording_radius": 5, "max_recording_length": 30, "listen_enabled": true, "reset_tag_defaults_on_startup": true, "latitude": -80.0, "audio_stream_bitrate": "128", "geo_listen_enabled": true, "audio_format": "mp3", "out_of_range_message_loc": [47], "repeat_mode": 2, "auto_submit": true, "listen_questions_dynamic": false, "pub_date": "2013-01-19 13:32:14", "speak_enabled": true, "name": "Exploratorium", "longitude": 37.0, "sharing_url": "http:"}}, {"pk": 2891, "model": "rw.session", "fields": {"client_system": null, "language": 1, "project": 1, "stoptime": "2012-08-27 00:15:52", "client_type": null, "starttime": "2012-08-27 00:11:48", "device_id": "e87e8199-01c9-4151-ae96-d704b61323e7"}}, {"pk": 2892, "model": "rw.session", "fields": {"client_system": null, "language": 1, "project": 1, "stoptime": null, "client_type": null, "starttime": "2013-01-04 17:21:41", "device_id": "e1ec70d3-2d90-40f3-b03c-288190181319"}}, {"pk": 2893, "model": "rw.session", "fields": {"client_system": null, "language": 1, "project": 1, "stoptime": null, "client_type": null, "starttime": "2013-01-05 10:50:46", "device_id": "031ae664-2133-49c2-a356-703b7ba81cb4"}}, {"pk": 2894, "model": "rw.session", "fields": {"client_system": null, "language": 1, "project": 1, "stoptime": null, "client_type": null, "starttime": "2013-01-05 11:11:53", "device_id": "6d36d87e-fca4-426c-af4a-6834507dcf3d"}}, {"pk": 2895, "model": "rw.session", "fields": {"client_system": null, "language": 1, "project": 1, "stoptime": null, "client_type": null, "starttime": "2013-01-05 11:19:51", "device_id": "6d36d87e-fca4-426c-af4a-6834507dcf3d"}}, {"pk": 2896, "model": "rw.session", "fields": {"client_system": null, "language": 1, "project": 1, "stoptime": null, "client_type": null, "starttime": "2013-01-05 11:26:45", "device_id": "da7cb339-83f0-4eab-8b8d-809e6338ac21"}}, {"pk": 2897, "model": "rw.session", "fields": {"client_system": null, "language": 1, "project": 1, "stoptime": null, "client_type": null, "starttime": "2013-01-05 11:29:16", "device_id": "da7cb339-83f0-4eab-8b8d-809e6338ac21"}}, {"pk": 2898, "model": "rw.session", "fields": {"client_system": null, "language": 1, "project": 1, "stoptime": null, "client_type": null, "starttime": "2013-01-05 12:08:40", "device_id": "5421600c-212d-4cd3-9fb9-9c6b22032259"}}, {"pk": 2899, "model": "rw.session", "fields": {"client_system": null, "language": 1, "project": 1, "stoptime": null, "client_type": null, "starttime": "2013-01-05 13:01:21", "device_id": "6448012e-c043-463b-8439-b40dc11eaccd"}}, {"pk": 2900, "model": "rw.session", "fields": {"client_system": null, "language": 1, "project": 1, "stoptime": null, "client_type": null, "starttime": "2013-01-05 13:03:07", "device_id": "a9e7285a-2514-4f84-906b-9746e269762e"}}, {"pk": 2901, "model": "rw.session", "fields": {"client_system": null, "language": 1, "project": 1, "stoptime": null, "client_type": null, "starttime": "2013-01-05 13:37:45", "device_id": "705b3dd4-1383-437a-b5e8-3f8ec3b836da"}}, {"pk": 2902, "model": "rw.session", "fields": {"client_system": null, "language": 1, "project": 1, "stoptime": null, "client_type": null, "starttime": "2013-01-05 14:56:09", "device_id": "6d36d87e-fca4-426c-af4a-6834507dcf3d"}}, {"pk": 2903, "model": "rw.session", "fields": {"client_system": null, "language": 1, "project": 1, "stoptime": null, "client_type": null, "starttime": "2013-01-05 15:08:09", "device_id": "6d36d87e-fca4-426c-af4a-6834507dcf3d"}}, {"pk": 2904, "model": "rw.session", "fields": {"client_system": null, "language": 1, "project": 1, "stoptime": null, "client_type": null, "starttime": "2013-01-05 15:13:32", "device_id": "5421600c-212d-4cd3-9fb9-9c6b22032259"}}, {"pk": 2905, "model": "rw.session", "fields": {"client_system": null, "language": 1, "project": 1, "stoptime": null, "client_type": null, "starttime": "2013-01-05 15:14:14", "device_id": "5421600c-212d-4cd3-9fb9-9c6b22032259"}}, {"pk": 2906, "model": "rw.session", "fields": {"client_system": null, "language": 1, "project": 1, "stoptime": null, "client_type": null, "starttime": "2013-01-05 15:15:34", "device_id": "8f8c7895-6cb2-4106-ae83-1b44d18f9687"}}, {"pk": 2907, "model": "rw.session", "fields": {"client_system": null, "language": 1, "project": 1, "stoptime": null, "client_type": null, "starttime": "2013-01-05 15:18:17", "device_id": "8f8c7895-6cb2-4106-ae83-1b44d18f9687"}}, {"pk": 2908, "model": "rw.session", "fields": {"client_system": null, "language": 1, "project": 1, "stoptime": null, "client_type": null, "starttime": "2013-01-05 15:20:13", "device_id": "8f8c7895-6cb2-4106-ae83-1b44d18f9687"}}, {"pk": 2909, "model": "rw.session", "fields": {"client_system": null, "language": 1, "project": 1, "stoptime": null, "client_type": null, "starttime": "2013-01-05 15:20:54", "device_id": "8f8c7895-6cb2-4106-ae83-1b44d18f9687"}}, {"pk": 2910, "model": "rw.session", "fields": {"client_system": null, "language": 1, "project": 1, "stoptime": null, "client_type": null, "starttime": "2013-01-05 15:21:44", "device_id": "8f8c7895-6cb2-4106-ae83-1b44d18f9687"}}, {"pk": 2911, "model": "rw.session", "fields": {"client_system": null, "language": 1, "project": 1, "stoptime": null, "client_type": null, "starttime": "2013-01-05 15:22:48", "device_id": "8f8c7895-6cb2-4106-ae83-1b44d18f9687"}}, {"pk": 2912, "model": "rw.session", "fields": {"client_system": null, "language": 1, "project": 1, "stoptime": null, "client_type": null, "starttime": "2013-01-05 15:31:02", "device_id": "8f8c7895-6cb2-4106-ae83-1b44d18f9687"}}, {"pk": 2913, "model": "rw.session", "fields": {"client_system": null, "language": 1, "project": 1, "stoptime": null, "client_type": null, "starttime": "2013-01-05 15:44:34", "device_id": "6d36d87e-fca4-426c-af4a-6834507dcf3d"}}, {"pk": 4683, "model": "rw.session", "fields": {"client_system": null, "language": 1, "project": 1, "stoptime": null, "client_type": null, "starttime": "2013-01-11 11:28:24", "device_id": "34bfd3e5-08a8-4d5f-9fd2-8fb2cb7ba833"}}, {"pk": 4684, "model": "rw.session", "fields": {"client_system": null, "language": 1, "project": 1, "stoptime": null, "client_type": null, "starttime": "2013-01-11 11:31:17", "device_id": "34bfd3e5-08a8-4d5f-9fd2-8fb2cb7ba833"}}, {"pk": 4685, "model": "rw.session", "fields": {"client_system": null, "language": 1, "project": 1, "stoptime": null, "client_type": null, "starttime": "2013-01-15 14:46:11", "device_id": "8aa5c60c-cd2b-404a-ab75-1c9eaeea85e4"}}, {"pk": 4686, "model": "rw.session", "fields": {"client_system": null, "language": 1, "project": 1, "stoptime": null, "client_type": null, "starttime": "2013-01-15 14:46:17", "device_id": "5a85fc87-dd18-470d-924a-01e0b0aa8bff"}}, {"pk": 4687, "model": "rw.session", "fields": {"client_system": "iPhone OS-5.1", "language": 1, "project": 1, "stoptime": null, "client_type": "iPhone Simulator", "starttime": "2013-01-19 13:13:10", "device_id": "1a8de573-befa-46c8-81d8-eb0275113f38"}}, {"pk": 4688, "model": "rw.session", "fields": {"client_system": null, "language": 1, "project": 7, "stoptime": null, "client_type": null, "starttime": "2013-01-19 13:34:11", "device_id": "5b448650-c112-4328-9c98-285d8506467b"}}, {"pk": 4689, "model": "rw.session", "fields": {"client_system": null, "language": 1, "project": 1, "stoptime": null, "client_type": null, "starttime": "2013-01-20 13:52:53", "device_id": "7ea6e681-0690-43f0-bdfb-e0765affecfd"}}, {"pk": 4690, "model": "rw.session", "fields": {"client_system": null, "language": 1, "project": 1, "stoptime": null, "client_type": null, "starttime": "2013-01-20 17:02:37", "device_id": "65f671c2-8dd1-4dc7-ab79-0763292adcba"}}, {"pk": 4691, "model": "rw.session", "fields": {"client_system": null, "language": 1, "project": 1, "stoptime": null, "client_type": null, "starttime": "2013-01-20 17:03:48", "device_id": "b96fa6e7-9eaf-4487-9860-f5e57078f461"}}, {"pk": 4692, "model": "rw.session", "fields": {"client_system": null, "language": 1, "project": 1, "stoptime": null, "client_type": null, "starttime": "2013-01-20 17:06:04", "device_id": "5c1c6b1b-6038-47f9-8510-fe824799e5c2"}}, {"pk": 4693, "model": "rw.session", "fields": {"client_system": null, "language": 1, "project": 1, "stoptime": null, "client_type": null, "starttime": "2013-01-20 17:06:31", "device_id": "9fa03665-c9e9-40bf-bbaa-942a4fc227cd"}}, {"pk": 4694, "model": "rw.session", "fields": {"client_system": null, "language": 1, "project": 1, "stoptime": null, "client_type": null, "starttime": "2013-01-21 09:55:41", "device_id": "81b36e39-23eb-4ae7-a329-a354d67418cc"}}, {"pk": 4695, "model": "rw.session", "fields": {"client_system": null, "language": 1, "project": 1, "stoptime": null, "client_type": null, "starttime": "2013-01-21 10:15:02", "device_id": "eb1dd6c7-ed7f-43b6-b28c-df9881356f17"}}, {"pk": 4696, "model": "rw.session", "fields": {"client_system": "iPhone OS-5.1", "language": 1, "project": 1, "stoptime": null, "client_type": "iPhone Simulator", "starttime": "2013-01-21 10:40:34", "device_id": "1a8de573-befa-46c8-81d8-eb0275113f38"}}, {"pk": 4697, "model": "rw.session", "fields": {"client_system": "iPhone OS-5.1", "language": 1, "project": 1, "stoptime": null, "client_type": "iPhone Simulator", "starttime": "2013-01-21 10:43:17", "device_id": "96142141-30e2-4727-a26b-a016427143e7"}}, {"pk": 4698, "model": "rw.session", "fields": {"client_system": null, "language": 1, "project": 1, "stoptime": null, "client_type": null, "starttime": "2013-01-21 11:14:58", "device_id": "f6c06e4c-7f82-40da-b00e-8255fd95328d"}}, {"pk": 4699, "model": "rw.session", "fields": {"client_system": null, "language": 1, "project": 1, "stoptime": null, "client_type": null, "starttime": "2013-01-22 13:25:03", "device_id": "dd915f04-0f1e-4078-b3d4-d88bd4921f94"}}, {"pk": 4700, "model": "rw.session", "fields": {"client_system": null, "language": 1, "project": 1, "stoptime": null, "client_type": null, "starttime": "2013-01-22 13:25:28", "device_id": "c4839ca0-10ad-44c3-a51b-a30bf5728ebd"}}, {"pk": 4701, "model": "rw.session", "fields": {"client_system": null, "language": 1, "project": 1, "stoptime": null, "client_type": null, "starttime": "2013-01-23 10:01:12", "device_id": "d2e4b5c7-9f7c-43cf-9eb3-d36315337a86"}}, {"pk": 4702, "model": "rw.session", "fields": {"client_system": null, "language": 1, "project": 1, "stoptime": null, "client_type": null, "starttime": "2013-01-23 10:01:37", "device_id": "a3f16ad6-cbe0-4e1a-a109-6a1a878cc9a6"}}, {"pk": 4703, "model": "rw.session", "fields": {"client_system": "iPhone OS-5.1", "language": 1, "project": 7, "stoptime": null, "client_type": "iPhone Simulator", "starttime": "2013-01-24 12:23:15", "device_id": "f240f373-27d2-437b-8046-8553ae191729"}}, {"pk": 4704, "model": "rw.session", "fields": {"client_system": null, "language": 1, "project": 1, "stoptime": null, "client_type": null, "starttime": "2013-01-25 13:44:05", "device_id": "2dc55077-3032-40e8-a521-23eaf2383d0a"}}, {"pk": 4705, "model": "rw.session", "fields": {"client_system": null, "language": 1, "project": 1, "stoptime": null, "client_type": null, "starttime": "2013-01-26 10:05:37", "device_id": "62aa968b-2096-4a09-90cb-13018d8c1716"}}, {"pk": 4706, "model": "rw.session", "fields": {"client_system": null, "language": 1, "project": 1, "stoptime": null, "client_type": null, "starttime": "2013-01-27 14:52:05", "device_id": "2006ccd5-13bb-40ca-99b0-30385a68a494"}}, {"pk": 1, "model": "rw.uimode", "fields": {"data": "", "name": "listen"}}, {"pk": 2, "model": "rw.uimode", "fields": {"data": "", "name": "speak"}}, {"pk": 2, "model": "rw.tagcategory", "fields": {"data": "", "name": "question"}}, {"pk": 3, "model": "rw.tagcategory", "fields": {"data": "", "name": "gender"}}, {"pk": 4, "model": "rw.tagcategory", "fields": {"data": "", "name": "usertype"}}, {"pk": 6, "model": "rw.tagcategory", "fields": {"data": "", "name": "admin"}}, {"pk": 1, "model": "rw.selectionmethod", "fields": {"data": "", "name": "single"}}, {"pk": 2, "model": "rw.selectionmethod", "fields": {"data": "", "name": "multi"}}, {"pk": 3, "model": "rw.selectionmethod", "fields": {"data": "", "name": "multi_at_least_one"}}, {"pk": 3, "model": "rw.tag", "fields": {"loc_msg": [5, 6], "data": "", "description": "male", "value": "", "tag_category": 3}}, {"pk": 4, "model": "rw.tag", "fields": {"loc_msg": [7, 8], "data": "", "description": "female", "value": "", "tag_category": 3}}, {"pk": 5, "model": "rw.tag", "fields": {"loc_msg": [9, 10], "data": "", "description": "Why are you using Roundware?\r\n", "value": "filler", "tag_category": 2}}, {"pk": 8, "model": "rw.tag", "fields": {"loc_msg": [15, 16], "data": "", "description": "Artist", "value": "filler", "tag_category": 4}}, {"pk": 9, "model": "rw.tag", "fields": {"loc_msg": [17, 18], "data": "", "description": "Visitor", "value": "", "tag_category": 4}}, {"pk": 21, "model": "rw.tag", "fields": {"loc_msg": [41, 42], "data": "", "description": "Leave feedback", "value": "", "tag_category": 6}}, {"pk": 22, "model": "rw.tag", "fields": {"loc_msg": [43, 44], "data": "", "description": "Respond to something you've heard.", "value": "", "tag_category": 2}}, {"pk": 1, "model": "rw.masterui", "fields": {"index": 1, "name": "Gender", "project": 1, "ui_mode": 1, "active": true, "select": 3, "tag_category": 3}}, {"pk": 3, "model": "rw.masterui", "fields": {"index": 3, "name": "Question", "project": 1, "ui_mode": 1, "active": true, "select": 3, "tag_category": 2}}, {"pk": 4, "model": "rw.masterui", "fields": {"index": 1, "name": "Gender", "project": 1, "ui_mode": 2, "active": true, "select": 1, "tag_category": 3}}, {"pk": 6, "model": "rw.masterui", "fields": {"index": 3, "name": "Question", "project": 1, "ui_mode": 2, "active": true, "select": 1, "tag_category": 2}}, {"pk": 7, "model": "rw.masterui", "fields": {"index": 1, "name": "User Type", "project": 1, "ui_mode": 1, "active": true, "select": 3, "tag_category": 4}}, {"pk": 8, "model": "rw.masterui", "fields": {"index": 1, "name": "User Type", "project": 1, "ui_mode": 2, "active": true, "select": 1, "tag_category": 4}}, {"pk": 1, "model": "rw.uimapping", "fields": {"default": true, "index": 1, "master_ui": 1, "tag": 3, "active": true}}, {"pk": 2, "model": "rw.uimapping", "fields": {"default": true, "index": 2, "master_ui": 1, "tag": 4, "active": true}}, {"pk": 5, "model": "rw.uimapping", "fields": {"default": true, "index": 1, "master_ui": 3, "tag": 5, "active": true}}, {"pk": 8, "model": "rw.uimapping", "fields": {"default": true, "index": 1, "master_ui": 4, "tag": 3, "active": true}}, {"pk": 9, "model": "rw.uimapping", "fields": {"default": false, "index": 2, "master_ui": 4, "tag": 4, "active": true}}, {"pk": 12, "model": "rw.uimapping", "fields": {"default": true, "index": 1, "master_ui": 6, "tag": 5, "active": true}}, {"pk": 15, "model": "rw.uimapping", "fields": {"default": true, "index": 1, "master_ui": 7, "tag": 8, "active": true}}, {"pk": 16, "model": "rw.uimapping", "fields": {"default": true, "index": 2, "master_ui": 7, "tag": 9, "active": true}}, {"pk": 17, "model": "rw.uimapping", "fields": {"default": false, "index": 2, "master_ui": 8, "tag": 9, "active": true}}, {"pk": 53, "model": "rw.uimapping", "fields": {"default": true, "index": 2, "master_ui": 8, "tag": 8, "active": true}}, {"pk": 54, "model": "rw.uimapping", "fields": {"default": true, "index": 2, "master_ui": 3, "tag": 22, "active": true}}, {"pk": 55, "model": "rw.uimapping", "fields": {"default": false, "index": 2, "master_ui": 6, "tag": 22, "active": true}}, {"pk": 1, "model": "rw.audiotrack", "fields": {"minpanpos": 0.0, "minvolume": 1.0, "maxfadeouttime": 2000000000.0, "mindeadair": 1000000000.0, "maxpanduration": 10000000000.0, "minpanduration": 5000000000.0, "maxpanpos": 0.0, "project": 1, "minfadeintime": 100000000.0, "maxdeadair": 3000000000.0, "minfadeouttime": 100000000.0, "repeatrecordings": false, "minduration": 180000000000.0, "maxvolume": 1.0, "maxduration": 180000000000.0, "maxfadeintime": 500000000.0}}, {"pk": 1, "model": "rw.event", "fields": {"server_time": "2013-01-04 17:21:41", "event_type": "start_session", "tags": null, "udid": null, "longitude": null, "latitude": null, "session": 2892, "client_time": null, "data": null, "operationid": null}}, {"pk": 2, "model": "rw.event", "fields": {"server_time": "2013-01-04 17:30:55", "event_type": "cleanup_session", "tags": null, "udid": null, "longitude": null, "latitude": null, "session": 2892, "client_time": null, "data": null, "operationid": null}}, {"pk": 3, "model": "rw.event", "fields": {"server_time": "2013-01-05 10:50:46", "event_type": "start_session", "tags": null, "udid": null, "longitude": null, "latitude": null, "session": 2893, "client_time": null, "data": null, "operationid": null}}, {"pk": 4, "model": "rw.event", "fields": {"server_time": "2013-01-05 11:11:53", "event_type": "start_session", "tags": null, "udid": null, "longitude": null, "latitude": null, "session": 2894, "client_time": null, "data": null, "operationid": null}}, {"pk": 5, "model": "rw.event", "fields": {"server_time": "2013-01-05 11:12:13", "event_type": "start_listen", "tags": null, "udid": null, "longitude": "", "latitude": "", "session": 2894, "client_time": "2013-01-05 16:12:13  0000", "data": "", "operationid": null}}, {"pk": 6, "model": "rw.event", "fields": {"server_time": "2013-01-05 11:12:53", "event_type": "heartbeat", "tags": null, "udid": null, "longitude": null, "latitude": null, "session": 2894, "client_time": null, "data": null, "operationid": null}}, {"pk": 7, "model": "rw.event", "fields": {"server_time": "2013-01-05 11:13:13", "event_type": "stop_listen", "tags": null, "udid": null, "longitude": "", "latitude": "", "session": 2894, "client_time": "2013-01-05 16:13:13  0000", "data": "", "operationid": null}}, {"pk": 8, "model": "rw.event", "fields": {"server_time": "2013-01-05 11:13:21", "event_type": "start_record", "tags": null, "udid": null, "longitude": "", "latitude": "", "session": 2894, "client_time": "2013-01-05 16:13:21  0000", "data": "", "operationid": null}}, {"pk": 9, "model": "rw.event", "fields": {"server_time": "2013-01-05 11:13:29", "event_type": "stop_record", "tags": null, "udid": null, "longitude": "", "latitude": "", "session": 2894, "client_time": "2013-01-05 16:13:29  0000", "data": "", "operationid": null}}, {"pk": 10, "model": "rw.event", "fields": {"server_time": "2013-01-05 11:13:53", "event_type": "stop_upload", "tags": null, "udid": null, "longitude": "", "latitude": "", "session": 2894, "client_time": "2013-01-05 16:13:53  0000", "data": "true", "operationid": null}}, {"pk": 11, "model": "rw.event", "fields": {"server_time": "2013-01-05 11:13:53", "event_type": "heartbeat", "tags": null, "udid": null, "longitude": null, "latitude": null, "session": 2894, "client_time": null, "data": null, "operationid": null}}, {"pk": 12, "model": "rw.event", "fields": {"server_time": "2013-01-05 11:14:53", "event_type": "heartbeat", "tags": null, "udid": null, "longitude": null, "latitude": null, "session": 2894, "client_time": null, "data": null, "operationid": null}}, {"pk": 13, "model": "rw.event", "fields": {"server_time": "2013-01-05 11:15:53", "event_type": "heartbeat", "tags": null, "udid": null, "longitude": null, "latitude": null, "session": 2894, "client_time": null, "data": null, "operationid": null}}, {"pk": 14, "model": "rw.event", "fields": {"server_time": "2013-01-05 11:16:34", "event_type": "start_record", "tags": null, "udid": null, "longitude": "", "latitude": "", "session": 2894, "client_time": "2013-01-05 16:16:33  0000", "data": "", "operationid": null}}, {"pk": 15, "model": "rw.event", "fields": {"server_time": "2013-01-05 11:16:53", "event_type": "heartbeat", "tags": null, "udid": null, "longitude": null, "latitude": null, "session": 2894, "client_time": null, "data": null, "operationid": null}}, {"pk": 16, "model": "rw.event", "fields": {"server_time": "2013-01-05 11:17:05", "event_type": "stop_record", "tags": null, "udid": null, "longitude": "", "latitude": "", "session": 2894, "client_time": "2013-01-05 16:17:05  0000", "data": "", "operationid": null}}, {"pk": 17, "model": "rw.event", "fields": {"server_time": "2013-01-05 11:17:53", "event_type": "heartbeat", "tags": null, "udid": null, "longitude": null, "latitude": null, "session": 2894, "client_time": null, "data": null, "operationid": null}}, {"pk": 18, "model": "rw.event", "fields": {"server_time": "2013-01-05 11:18:03", "event_type": "start_record", "tags": null, "udid": null, "longitude": "", "latitude": "", "session": 2894, "client_time": "2013-01-05 16:18:03  0000", "data": "", "operationid": null}}, {"pk": 19, "model": "rw.event", "fields": {"server_time": "2013-01-05 11:18:08", "event_type": "stop_record", "tags": null, "udid": null, "longitude": "", "latitude": "", "session": 2894, "client_time": "2013-01-05 16:18:08  0000", "data": "", "operationid": null}}, {"pk": 20, "model": "rw.event", "fields": {"server_time": "2013-01-05 11:18:18", "event_type": "stop_upload", "tags": null, "udid": null, "longitude": "", "latitude": "", "session": 2894, "client_time": "2013-01-05 16:18:18  0000", "data": "true", "operationid": null}}, {"pk": 21, "model": "rw.event", "fields": {"server_time": "2013-01-05 11:18:36", "event_type": "start_record", "tags": null, "udid": null, "longitude": "", "latitude": "", "session": 2894, "client_time": "2013-01-05 16:18:36  0000", "data": "", "operationid": null}}, {"pk": 22, "model": "rw.event", "fields": {"server_time": "2013-01-05 11:18:39", "event_type": "stop_record", "tags": null, "udid": null, "longitude": "", "latitude": "", "session": 2894, "client_time": "2013-01-05 16:18:39  0000", "data": "", "operationid": null}}, {"pk": 23, "model": "rw.event", "fields": {"server_time": "2013-01-05 11:18:46", "event_type": "stop_upload", "tags": null, "udid": null, "longitude": "", "latitude": "", "session": 2894, "client_time": "2013-01-05 16:18:46  0000", "data": "true", "operationid": null}}, {"pk": 24, "model": "rw.event", "fields": {"server_time": "2013-01-05 11:18:53", "event_type": "heartbeat", "tags": null, "udid": null, "longitude": null, "latitude": null, "session": 2894, "client_time": null, "data": null, "operationid": null}}, {"pk": 25, "model": "rw.event", "fields": {"server_time": "2013-01-05 11:19:51", "event_type": "start_session", "tags": null, "udid": null, "longitude": null, "latitude": null, "session": 2895, "client_time": null, "data": null, "operationid": null}}, {"pk": 26, "model": "rw.event", "fields": {"server_time": "2013-01-05 11:20:51", "event_type": "heartbeat", "tags": null, "udid": null, "longitude": null, "latitude": null, "session": 2895, "client_time": null, "data": null, "operationid": null}}, {"pk": 27, "model": "rw.event", "fields": {"server_time": "2013-01-05 11:21:03", "event_type": "start_record", "tags": null, "udid": null, "longitude": "", "latitude": "", "session": 2895, "client_time": "2013-01-05 16:21:03  0000", "data": "", "operationid": null}}, {"pk": 28, "model": "rw.event", "fields": {"server_time": "2013-01-05 11:21:10", "event_type": "stop_record", "tags": null, "udid": null, "longitude": "", "latitude": "", "session": 2895, "client_time": "2013-01-05 16:21:10  0000", "data": "", "operationid": null}}, {"pk": 29, "model": "rw.event", "fields": {"server_time": "2013-01-05 11:21:22", "event_type": "stop_upload", "tags": null, "udid": null, "longitude": "", "latitude": "", "session": 2895, "client_time": "2013-01-05 16:21:22  0000", "data": "true", "operationid": null}}, {"pk": 30, "model": "rw.event", "fields": {"server_time": "2013-01-05 11:21:51", "event_type": "heartbeat", "tags": null, "udid": null, "longitude": null, "latitude": null, "session": 2895, "client_time": null, "data": null, "operationid": null}}, {"pk": 31, "model": "rw.event", "fields": {"server_time": "2013-01-05 11:21:54", "event_type": "start_record", "tags": null, "udid": null, "longitude": "", "latitude": "", "session": 2895, "client_time": "2013-01-05 16:21:53  0000", "data": "", "operationid": null}}, {"pk": 32, "model": "rw.event", "fields": {"server_time": "2013-01-05 11:21:56", "event_type": "stop_record", "tags": null, "udid": null, "longitude": "", "latitude": "", "session": 2895, "client_time": "2013-01-05 16:21:56  0000", "data": "", "operationid": null}}, {"pk": 33, "model": "rw.event", "fields": {"server_time": "2013-01-05 11:22:04", "event_type": "stop_upload", "tags": null, "udid": null, "longitude": "", "latitude": "", "session": 2895, "client_time": "2013-01-05 16:22:04  0000", "data": "true", "operationid": null}}, {"pk": 34, "model": "rw.event", "fields": {"server_time": "2013-01-05 11:22:15", "event_type": "cleanup_session", "tags": null, "udid": null, "longitude": null, "latitude": null, "session": 2894, "client_time": null, "data": null, "operationid": null}}, {"pk": 35, "model": "rw.event", "fields": {"server_time": "2013-01-05 11:22:25", "event_type": "start_record", "tags": null, "udid": null, "longitude": "", "latitude": "", "session": 2895, "client_time": "2013-01-05 16:22:25  0000", "data": "", "operationid": null}}, {"pk": 36, "model": "rw.event", "fields": {"server_time": "2013-01-05 11:22:27", "event_type": "stop_record", "tags": null, "udid": null, "longitude": "", "latitude": "", "session": 2895, "client_time": "2013-01-05 16:22:27  0000", "data": "", "operationid": null}}, {"pk": 37, "model": "rw.event", "fields": {"server_time": "2013-01-05 11:22:32", "event_type": "stop_upload", "tags": null, "udid": null, "longitude": "", "latitude": "", "session": 2895, "client_time": "2013-01-05 16:22:32  0000", "data": "true", "operationid": null}}, {"pk": 38, "model": "rw.event", "fields": {"server_time": "2013-01-05 11:22:51", "event_type": "heartbeat", "tags": null, "udid": null, "longitude": null, "latitude": null, "session": 2895, "client_time": null, "data": null, "operationid": null}}, {"pk": 39, "model": "rw.event", "fields": {"server_time": "2013-01-05 11:26:12", "event_type": "cleanup_session", "tags": null, "udid": null, "longitude": null, "latitude": null, "session": 2895, "client_time": null, "data": null, "operationid": null}}, {"pk": 40, "model": "rw.event", "fields": {"server_time": "2013-01-05 11:26:45", "event_type": "start_session", "tags": null, "udid": null, "longitude": null, "latitude": null, "session": 2896, "client_time": null, "data": null, "operationid": null}}, {"pk": 41, "model": "rw.event", "fields": {"server_time": "2013-01-05 11:26:52", "event_type": "start_record", "tags": null, "udid": null, "longitude": "", "latitude": "", "session": 2896, "client_time": "2013-01-05 16:26:52  0000", "data": "", "operationid": null}}, {"pk": 42, "model": "rw.event", "fields": {"server_time": "2013-01-05 11:27:02", "event_type": "stop_record", "tags": null, "udid": null, "longitude": "", "latitude": "", "session": 2896, "client_time": "2013-01-05 16:27:02  0000", "data": "", "operationid": null}}, {"pk": 43, "model": "rw.event", "fields": {"server_time": "2013-01-05 11:27:21", "event_type": "stop_upload", "tags": null, "udid": null, "longitude": "", "latitude": "", "session": 2896, "client_time": "2013-01-05 16:27:21  0000", "data": "true", "operationid": null}}, {"pk": 44, "model": "rw.event", "fields": {"server_time": "2013-01-05 11:27:45", "event_type": "heartbeat", "tags": null, "udid": null, "longitude": null, "latitude": null, "session": 2896, "client_time": null, "data": null, "operationid": null}}, {"pk": 45, "model": "rw.event", "fields": {"server_time": "2013-01-05 11:28:45", "event_type": "heartbeat", "tags": null, "udid": null, "longitude": null, "latitude": null, "session": 2896, "client_time": null, "data": null, "operationid": null}}, {"pk": 46, "model": "rw.event", "fields": {"server_time": "2013-01-05 11:29:16", "event_type": "start_session", "tags": null, "udid": null, "longitude": null, "latitude": null, "session": 2897, "client_time": null, "data": null, "operationid": null}}, {"pk": 47, "model": "rw.event", "fields": {"server_time": "2013-01-05 11:29:20", "event_type": "start_record", "tags": null, "udid": null, "longitude": "", "latitude": "", "session": 2897, "client_time": "2013-01-05 16:29:20  0000", "data": "", "operationid": null}}, {"pk": 48, "model": "rw.event", "fields": {"server_time": "2013-01-05 11:29:21", "event_type": "modify_stream", "tags": "3,4,5,22,8,9", "udid": null, "longitude": null, "latitude": null, "session": 2897, "client_time": null, "data": null, "operationid": null}}, {"pk": 49, "model": "rw.event", "fields": {"server_time": "2013-01-05 11:29:21", "event_type": "modify_stream", "tags": "3,4,5,22,8,9", "udid": null, "longitude": null, "latitude": null, "session": 2897, "client_time": null, "data": null, "operationid": null}}, {"pk": 50, "model": "rw.event", "fields": {"server_time": "2013-01-05 11:29:22", "event_type": "modify_stream", "tags": "3,4,5,22,8,9", "udid": null, "longitude": null, "latitude": null, "session": 2897, "client_time": null, "data": null, "operationid": null}}, {"pk": 51, "model": "rw.event", "fields": {"server_time": "2013-01-05 11:29:30", "event_type": "modify_stream", "tags": "3,4,5,22,8,9", "udid": null, "longitude": null, "latitude": null, "session": 2897, "client_time": null, "data": null, "operationid": null}}, {"pk": 52, "model": "rw.event", "fields": {"server_time": "2013-01-05 11:29:31", "event_type": "modify_stream", "tags": "3,4,5,22,8,9", "udid": null, "longitude": null, "latitude": null, "session": 2897, "client_time": null, "data": null, "operationid": null}}, {"pk": 53, "model": "rw.event", "fields": {"server_time": "2013-01-05 11:29:32", "event_type": "stop_record", "tags": null, "udid": null, "longitude": "-71.28105338669501", "latitude": "42.49849689662689", "session": 2897, "client_time": "2013-01-05 16:29:32  0000", "data": "", "operationid": null}}, {"pk": 54, "model": "rw.event", "fields": {"server_time": "2013-01-05 11:29:45", "event_type": "stop_upload", "tags": null, "udid": null, "longitude": "-71.28105338669501", "latitude": "42.49849689662689", "session": 2897, "client_time": "2013-01-05 16:29:46  0000", "data": "true", "operationid": null}}, {"pk": 55, "model": "rw.event", "fields": {"server_time": "2013-01-05 11:30:17", "event_type": "heartbeat", "tags": null, "udid": null, "longitude": null, "latitude": null, "session": 2897, "client_time": null, "data": null, "operationid": null}}, {"pk": 56, "model": "rw.event", "fields": {"server_time": "2013-01-05 11:32:07", "event_type": "cleanup_session", "tags": null, "udid": null, "longitude": null, "latitude": null, "session": 2896, "client_time": null, "data": null, "operationid": null}}, {"pk": 57, "model": "rw.event", "fields": {"server_time": "2013-01-05 11:33:38", "event_type": "cleanup_session", "tags": null, "udid": null, "longitude": null, "latitude": null, "session": 2897, "client_time": null, "data": null, "operationid": null}}, {"pk": 58, "model": "rw.event", "fields": {"server_time": "2013-01-05 12:08:40", "event_type": "start_session", "tags": null, "udid": null, "longitude": null, "latitude": null, "session": 2898, "client_time": null, "data": null, "operationid": null}}, {"pk": 59, "model": "rw.event", "fields": {"server_time": "2013-01-05 12:08:46", "event_type": "start_record", "tags": null, "udid": null, "longitude": "", "latitude": "", "session": 2898, "client_time": "2013-01-05 17:08:46  0000", "data": "", "operationid": null}}, {"pk": 60, "model": "rw.event", "fields": {"server_time": "2013-01-05 12:08:47", "event_type": "modify_stream", "tags": "3,4,5,22,8,9", "udid": null, "longitude": null, "latitude": null, "session": 2898, "client_time": null, "data": null, "operationid": null}}, {"pk": 61, "model": "rw.event", "fields": {"server_time": "2013-01-05 12:08:47", "event_type": "modify_stream", "tags": "3,4,5,22,8,9", "udid": null, "longitude": null, "latitude": null, "session": 2898, "client_time": null, "data": null, "operationid": null}}, {"pk": 62, "model": "rw.event", "fields": {"server_time": "2013-01-05 12:08:47", "event_type": "modify_stream", "tags": "3,4,5,22,8,9", "udid": null, "longitude": null, "latitude": null, "session": 2898, "client_time": null, "data": null, "operationid": null}}, {"pk": 63, "model": "rw.event", "fields": {"server_time": "2013-01-05 12:08:47", "event_type": "modify_stream", "tags": "3,4,5,22,8,9", "udid": null, "longitude": null, "latitude": null, "session": 2898, "client_time": null, "data": null, "operationid": null}}, {"pk": 64, "model": "rw.event", "fields": {"server_time": "2013-01-05 12:08:50", "event_type": "modify_stream", "tags": "3,4,5,22,8,9", "udid": null, "longitude": null, "latitude": null, "session": 2898, "client_time": null, "data": null, "operationid": null}}, {"pk": 65, "model": "rw.event", "fields": {"server_time": "2013-01-05 12:08:51", "event_type": "modify_stream", "tags": "3,4,5,22,8,9", "udid": null, "longitude": null, "latitude": null, "session": 2898, "client_time": null, "data": null, "operationid": null}}, {"pk": 66, "model": "rw.event", "fields": {"server_time": "2013-01-05 12:08:53", "event_type": "modify_stream", "tags": "3,4,5,22,8,9", "udid": null, "longitude": null, "latitude": null, "session": 2898, "client_time": null, "data": null, "operationid": null}}, {"pk": 67, "model": "rw.event", "fields": {"server_time": "2013-01-05 12:08:57", "event_type": "stop_record", "tags": null, "udid": null, "longitude": "-71.28109152435444", "latitude": "42.49856919054174", "session": 2898, "client_time": "2013-01-05 17:08:57  0000", "data": "", "operationid": null}}, {"pk": 68, "model": "rw.event", "fields": {"server_time": "2013-01-05 12:09:08", "event_type": "start_upload", "tags": "3,5,8", "udid": null, "longitude": "-71.28108978271484", "latitude": "42.49856948852539", "session": 2898, "client_time": null, "data": null, "operationid": null}}, {"pk": 69, "model": "rw.event", "fields": {"server_time": "2013-01-05 12:09:09", "event_type": "stop_upload", "tags": null, "udid": null, "longitude": "-71.28109152435444", "latitude": "42.49856919054174", "session": 2898, "client_time": "2013-01-05 17:09:10  0000", "data": "true", "operationid": null}}, {"pk": 70, "model": "rw.event", "fields": {"server_time": "2013-01-05 12:09:40", "event_type": "heartbeat", "tags": null, "udid": null, "longitude": null, "latitude": null, "session": 2898, "client_time": null, "data": null, "operationid": null}}, {"pk": 71, "model": "rw.event", "fields": {"server_time": "2013-01-05 12:10:40", "event_type": "heartbeat", "tags": null, "udid": null, "longitude": null, "latitude": null, "session": 2898, "client_time": null, "data": null, "operationid": null}}, {"pk": 72, "model": "rw.event", "fields": {"server_time": "2013-01-05 12:11:40", "event_type": "heartbeat", "tags": null, "udid": null, "longitude": null, "latitude": null, "session": 2898, "client_time": null, "data": null, "operationid": null}}, {"pk": 73, "model": "rw.event", "fields": {"server_time": "2013-01-05 12:12:40", "event_type": "heartbeat", "tags": null, "udid": null, "longitude": null, "latitude": null, "session": 2898, "client_time": null, "data": null, "operationid": null}}, {"pk": 74, "model": "rw.event", "fields": {"server_time": "2013-01-05 12:13:40", "event_type": "heartbeat", "tags": null, "udid": null, "longitude": null, "latitude": null, "session": 2898, "client_time": null, "data": null, "operationid": null}}, {"pk": 75, "model": "rw.event", "fields": {"server_time": "2013-01-05 12:14:40", "event_type": "heartbeat", "tags": null, "udid": null, "longitude": null, "latitude": null, "session": 2898, "client_time": null, "data": null, "operationid": null}}, {"pk": 76, "model": "rw.event", "fields": {"server_time": "2013-01-05 12:15:40", "event_type": "heartbeat", "tags": null, "udid": null, "longitude": null, "latitude": null, "session": 2898, "client_time": null, "data": null, "operationid": null}}, {"pk": 77, "model": "rw.event", "fields": {"server_time": "2013-01-05 12:16:40", "event_type": "heartbeat", "tags": null, "udid": null, "longitude": null, "latitude": null, "session": 2898, "client_time": null, "data": null, "operationid": null}}, {"pk": 78, "model": "rw.event", "fields": {"server_time": "2013-01-05 12:17:40", "event_type": "heartbeat", "tags": null, "udid": null, "longitude": null, "latitude": null, "session": 2898, "client_time": null, "data": null, "operationid": null}}, {"pk": 79, "model": "rw.event", "fields": {"server_time": "2013-01-05 12:18:40", "event_type": "heartbeat", "tags": null, "udid": null, "longitude": null, "latitude": null, "session": 2898, "client_time": null, "data": null, "operationid": null}}, {"pk": 80, "model": "rw.event", "fields": {"server_time": "2013-01-05 12:19:40", "event_type": "heartbeat", "tags": null, "udid": null, "longitude": null, "latitude": null, "session": 2898, "client_time": null, "data": null, "operationid": null}}, {"pk": 81, "model": "rw.event", "fields": {"server_time": "2013-01-05 12:20:40", "event_type": "heartbeat", "tags": null, "udid": null, "longitude": null, "latitude": null, "session": 2898, "client_time": null, "data": null, "operationid": null}}, {"pk": 82, "model": "rw.event", "fields": {"server_time": "2013-01-05 12:21:40", "event_type": "heartbeat", "tags": null, "udid": null, "longitude": null, "latitude": null, "session": 2898, "client_time": null, "data": null, "operationid": null}}, {"pk": 83, "model": "rw.event", "fields": {"server_time": "2013-01-05 12:22:40", "event_type": "heartbeat", "tags": null, "udid": null, "longitude": null, "latitude": null, "session": 2898, "client_time": null, "data": null, "operationid": null}}, {"pk": 84, "model": "rw.event", "fields": {"server_time": "2013-01-05 12:23:40", "event_type": "heartbeat", "tags": null, "udid": null, "longitude": null, "latitude": null, "session": 2898, "client_time": null, "data": null, "operationid": null}}, {"pk": 85, "model": "rw.event", "fields": {"server_time": "2013-01-05 12:24:40", "event_type": "heartbeat", "tags": null, "udid": null, "longitude": null, "latitude": null, "session": 2898, "client_time": null, "data": null, "operationid": null}}, {"pk": 86, "model": "rw.event", "fields": {"server_time": "2013-01-05 12:25:40", "event_type": "heartbeat", "tags": null, "udid": null, "longitude": null, "latitude": null, "session": 2898, "client_time": null, "data": null, "operationid": null}}, {"pk": 87, "model": "rw.event", "fields": {"server_time": "2013-01-05 12:26:09", "event_type": "start_listen", "tags": null, "udid": null, "longitude": "-71.28109152435444", "latitude": "42.49856919054174", "session": 2898, "client_time": "2013-01-05 17:26:10  0000", "data": "", "operationid": null}}, {"pk": 88, "model": "rw.event", "fields": {"server_time": "2013-01-05 12:26:40", "event_type": "heartbeat", "tags": null, "udid": null, "longitude": null, "latitude": null, "session": 2898, "client_time": null, "data": null, "operationid": null}}, {"pk": 89, "model": "rw.event", "fields": {"server_time": "2013-01-05 12:27:40", "event_type": "heartbeat", "tags": null, "udid": null, "longitude": null, "latitude": null, "session": 2898, "client_time": null, "data": null, "operationid": null}}, {"pk": 90, "model": "rw.event", "fields": {"server_time": "2013-01-05 12:28:40", "event_type": "heartbeat", "tags": null, "udid": null, "longitude": null, "latitude": null, "session": 2898, "client_time": null, "data": null, "operationid": null}}, {"pk": 91, "model": "rw.event", "fields": {"server_time": "2013-01-05 12:32:02", "event_type": "cleanup_session", "tags": null, "udid": null, "longitude": null, "latitude": null, "session": 2898, "client_time": null, "data": null, "operationid": null}}, {"pk": 92, "model": "rw.event", "fields": {"server_time": "2013-01-05 12:56:41", "event_type": "cleanup_session", "tags": null, "udid": null, "longitude": null, "latitude": null, "session": 2892, "client_time": null, "data": null, "operationid": null}}, {"pk": 93, "model": "rw.event", "fields": {"server_time": "2013-01-05 12:57:22", "event_type": "cleanup_session", "tags": null, "udid": null, "longitude": null, "latitude": null, "session": 2892, "client_time": null, "data": null, "operationid": null}}, {"pk": 94, "model": "rw.event", "fields": {"server_time": "2013-01-05 12:58:43", "event_type": "cleanup_session", "tags": null, "udid": null, "longitude": null, "latitude": null, "session": 2892, "client_time": null, "data": null, "operationid": null}}, {"pk": 95, "model": "rw.event", "fields": {"server_time": "2013-01-05 12:58:51", "event_type": "cleanup_session", "tags": null, "udid": null, "longitude": null, "latitude": null, "session": 2892, "client_time": null, "data": null, "operationid": null}}, {"pk": 96, "model": "rw.event", "fields": {"server_time": "2013-01-05 12:59:37", "event_type": "cleanup_session", "tags": null, "udid": null, "longitude": null, "latitude": null, "session": 2892, "client_time": null, "data": null, "operationid": null}}, {"pk": 97, "model": "rw.event", "fields": {"server_time": "2013-01-05 13:01:21", "event_type": "start_session", "tags": null, "udid": null, "longitude": null, "latitude": null, "session": 2899, "client_time": null, "data": null, "operationid": null}}, {"pk": 98, "model": "rw.event", "fields": {"server_time": "2013-01-05 13:03:07", "event_type": "start_session", "tags": null, "udid": null, "longitude": null, "latitude": null, "session": 2900, "client_time": null, "data": null, "operationid": null}}, {"pk": 99, "model": "rw.event", "fields": {"server_time": "2013-01-05 13:03:12", "event_type": "cleanup_session", "tags": null, "udid": null, "longitude": null, "latitude": null, "session": 2892, "client_time": null, "data": null, "operationid": null}}, {"pk": 100, "model": "rw.event", "fields": {"server_time": "2013-01-05 13:17:53", "event_type": "cleanup_session", "tags": null, "udid": null, "longitude": null, "latitude": null, "session": 2892, "client_time": null, "data": null, "operationid": null}}, {"pk": 101, "model": "rw.event", "fields": {"server_time": "2013-01-05 13:18:39", "event_type": "cleanup_session", "tags": null, "udid": null, "longitude": null, "latitude": null, "session": 2892, "client_time": null, "data": null, "operationid": null}}, {"pk": 102, "model": "rw.event", "fields": {"server_time": "2013-01-05 13:26:39", "event_type": "cleanup_session", "tags": null, "udid": null, "longitude": null, "latitude": null, "session": 2892, "client_time": null, "data": null, "operationid": null}}, {"pk": 103, "model": "rw.event", "fields": {"server_time": "2013-01-05 13:37:45", "event_type": "start_session", "tags": null, "udid": null, "longitude": null, "latitude": null, "session": 2901, "client_time": null, "data": null, "operationid": null}}, {"pk": 104, "model": "rw.event", "fields": {"server_time": "2013-01-05 13:37:59", "event_type": "cleanup_session", "tags": null, "udid": null, "longitude": null, "latitude": null, "session": 2892, "client_time": null, "data": null, "operationid": null}}, {"pk": 105, "model": "rw.event", "fields": {"server_time": "2013-01-05 13:38:20", "event_type": "cleanup_session", "tags": null, "udid": null, "longitude": null, "latitude": null, "session": 2892, "client_time": null, "data": null, "operationid": null}}, {"pk": 106, "model": "rw.event", "fields": {"server_time": "2013-01-05 14:56:09", "event_type": "start_session", "tags": null, "udid": null, "longitude": null, "latitude": null, "session": 2902, "client_time": null, "data": null, "operationid": null}}, {"pk": 107, "model": "rw.event", "fields": {"server_time": "2013-01-05 14:56:32", "event_type": "start_listen", "tags": null, "udid": null, "longitude": "", "latitude": "", "session": 2902, "client_time": "2013-01-05 19:56:32  0000", "data": "", "operationid": null}}, {"pk": 108, "model": "rw.event", "fields": {"server_time": "2013-01-05 14:57:05", "event_type": "modify_stream", "tags": "3,4,5,22,8,9", "udid": null, "longitude": null, "latitude": null, "session": 2902, "client_time": null, "data": null, "operationid": null}}, {"pk": 109, "model": "rw.event", "fields": {"server_time": "2013-01-05 14:57:10", "event_type": "heartbeat", "tags": null, "udid": null, "longitude": null, "latitude": null, "session": 2902, "client_time": null, "data": null, "operationid": null}}, {"pk": 110, "model": "rw.event", "fields": {"server_time": "2013-01-05 14:58:10", "event_type": "heartbeat", "tags": null, "udid": null, "longitude": null, "latitude": null, "session": 2902, "client_time": null, "data": null, "operationid": null}}, {"pk": 111, "model": "rw.event", "fields": {"server_time": "2013-01-05 14:58:50", "event_type": "modify_stream", "tags": "3,4,5,22,8,9", "udid": null, "longitude": null, "latitude": null, "session": 2902, "client_time": null, "data": null, "operationid": null}}, {"pk": 112, "model": "rw.event", "fields": {"server_time": "2013-01-05 14:59:10", "event_type": "heartbeat", "tags": null, "udid": null, "longitude": null, "latitude": null, "session": 2902, "client_time": null, "data": null, "operationid": null}}, {"pk": 113, "model": "rw.event", "fields": {"server_time": "2013-01-05 14:59:18", "event_type": "start_record", "tags": null, "udid": null, "longitude": "", "latitude": "", "session": 2902, "client_time": "2013-01-05 19:59:18  0000", "data": "", "operationid": null}}, {"pk": 114, "model": "rw.event", "fields": {"server_time": "2013-01-05 14:59:24", "event_type": "modify_stream", "tags": "3,4,5,22,8,9", "udid": null, "longitude": null, "latitude": null, "session": 2902, "client_time": null, "data": null, "operationid": null}}, {"pk": 115, "model": "rw.event", "fields": {"server_time": "2013-01-05 14:59:25", "event_type": "stop_record", "tags": null, "udid": null, "longitude": "114.158177", "latitude": "22.284681", "session": 2902, "client_time": "2013-01-05 19:59:25  0000", "data": "", "operationid": null}}, {"pk": 116, "model": "rw.event", "fields": {"server_time": "2013-01-05 14:59:48", "event_type": "start_upload", "tags": "3,5,8", "udid": null, "longitude": "114.1581802368164", "latitude": "22.28468132019043", "session": 2902, "client_time": null, "data": null, "operationid": null}}, {"pk": 117, "model": "rw.event", "fields": {"server_time": "2013-01-05 14:59:50", "event_type": "stop_upload", "tags": null, "udid": null, "longitude": "114.158177", "latitude": "22.284681", "session": 2902, "client_time": "2013-01-05 19:59:49  0000", "data": "true", "operationid": null}}, {"pk": 118, "model": "rw.event", "fields": {"server_time": "2013-01-05 15:00:10", "event_type": "heartbeat", "tags": null, "udid": null, "longitude": null, "latitude": null, "session": 2902, "client_time": null, "data": null, "operationid": null}}, {"pk": 119, "model": "rw.event", "fields": {"server_time": "2013-01-05 15:01:06", "event_type": "start_record", "tags": null, "udid": null, "longitude": "114.158177", "latitude": "22.284681", "session": 2902, "client_time": "2013-01-05 20:01:06  0000", "data": "", "operationid": null}}, {"pk": 120, "model": "rw.event", "fields": {"server_time": "2013-01-05 15:01:06", "event_type": "modify_stream", "tags": "3,4,5,22,8,9", "udid": null, "longitude": null, "latitude": null, "session": 2902, "client_time": null, "data": null, "operationid": null}}, {"pk": 121, "model": "rw.event", "fields": {"server_time": "2013-01-05 15:01:10", "event_type": "heartbeat", "tags": null, "udid": null, "longitude": null, "latitude": null, "session": 2902, "client_time": null, "data": null, "operationid": null}}, {"pk": 122, "model": "rw.event", "fields": {"server_time": "2013-01-05 15:01:10", "event_type": "stop_record", "tags": null, "udid": null, "longitude": "1", "latitude": "1", "session": 2902, "client_time": "2013-01-05 20:01:10  0000", "data": "", "operationid": null}}, {"pk": 123, "model": "rw.event", "fields": {"server_time": "2013-01-05 15:01:25", "event_type": "start_upload", "tags": "3,5,8", "udid": null, "longitude": "1", "latitude": "1", "session": 2902, "client_time": null, "data": null, "operationid": null}}, {"pk": 124, "model": "rw.event", "fields": {"server_time": "2013-01-05 15:01:25", "event_type": "stop_upload", "tags": null, "udid": null, "longitude": "1", "latitude": "1", "session": 2902, "client_time": "2013-01-05 20:01:25  0000", "data": "true", "operationid": null}}, {"pk": 125, "model": "rw.event", "fields": {"server_time": "2013-01-05 15:02:10", "event_type": "heartbeat", "tags": null, "udid": null, "longitude": null, "latitude": null, "session": 2902, "client_time": null, "data": null, "operationid": null}}, {"pk": 126, "model": "rw.event", "fields": {"server_time": "2013-01-05 15:02:53", "event_type": "modify_stream", "tags": "3,4,5,22,8,9", "udid": null, "longitude": null, "latitude": null, "session": 2902, "client_time": null, "data": null, "operationid": null}}, {"pk": 127, "model": "rw.event", "fields": {"server_time": "2013-01-05 15:03:10", "event_type": "heartbeat", "tags": null, "udid": null, "longitude": null, "latitude": null, "session": 2902, "client_time": null, "data": null, "operationid": null}}, {"pk": 128, "model": "rw.event", "fields": {"server_time": "2013-01-05 15:04:10", "event_type": "heartbeat", "tags": null, "udid": null, "longitude": null, "latitude": null, "session": 2902, "client_time": null, "data": null, "operationid": null}}, {"pk": 129, "model": "rw.event", "fields": {"server_time": "2013-01-05 15:05:10", "event_type": "heartbeat", "tags": null, "udid": null, "longitude": null, "latitude": null, "session": 2902, "client_time": null, "data": null, "operationid": null}}, {"pk": 130, "model": "rw.event", "fields": {"server_time": "2013-01-05 15:06:10", "event_type": "heartbeat", "tags": null, "udid": null, "longitude": null, "latitude": null, "session": 2902, "client_time": null, "data": null, "operationid": null}}, {"pk": 131, "model": "rw.event", "fields": {"server_time": "2013-01-05 15:06:43", "event_type": "stop_listen", "tags": null, "udid": null, "longitude": "1", "latitude": "1", "session": 2902, "client_time": "2013-01-05 20:06:43  0000", "data": "", "operationid": null}}, {"pk": 132, "model": "rw.event", "fields": {"server_time": "2013-01-05 15:07:10", "event_type": "heartbeat", "tags": null, "udid": null, "longitude": null, "latitude": null, "session": 2902, "client_time": null, "data": null, "operationid": null}}, {"pk": 133, "model": "rw.event", "fields": {"server_time": "2013-01-05 15:08:09", "event_type": "start_session", "tags": null, "udid": null, "longitude": null, "latitude": null, "session": 2903, "client_time": null, "data": null, "operationid": null}}, {"pk": 134, "model": "rw.event", "fields": {"server_time": "2013-01-05 15:08:13", "event_type": "start_listen", "tags": null, "udid": null, "longitude": "1", "latitude": "1", "session": 2903, "client_time": "2013-01-05 20:08:13  0000", "data": "", "operationid": null}}, {"pk": 135, "model": "rw.event", "fields": {"server_time": "2013-01-05 15:09:10", "event_type": "modify_stream", "tags": "3,4,5,22,8,9", "udid": null, "longitude": "114.158177", "latitude": "22.284681", "session": 2903, "client_time": null, "data": null, "operationid": null}}, {"pk": 136, "model": "rw.event", "fields": {"server_time": "2013-01-05 15:10:32", "event_type": "cleanup_session", "tags": null, "udid": null, "longitude": null, "latitude": null, "session": 2902, "client_time": null, "data": null, "operationid": null}}, {"pk": 137, "model": "rw.event", "fields": {"server_time": "2013-01-05 15:10:45", "event_type": "modify_stream", "tags": "3,4,5,22,8,9", "udid": null, "longitude": "1", "latitude": "1", "session": 2903, "client_time": null, "data": null, "operationid": null}}, {"pk": 138, "model": "rw.event", "fields": {"server_time": "2013-01-05 15:11:11", "event_type": "modify_stream", "tags": "3,4,5,22,8,9", "udid": null, "longitude": "151.211", "latitude": "-33.8634", "session": 2903, "client_time": null, "data": null, "operationid": null}}, {"pk": 139, "model": "rw.event", "fields": {"server_time": "2013-01-05 15:11:15", "event_type": "modify_stream", "tags": "3,4,5,22,8,9", "udid": null, "longitude": "114.158177", "latitude": "22.284681", "session": 2903, "client_time": null, "data": null, "operationid": null}}, {"pk": 140, "model": "rw.event", "fields": {"server_time": "2013-01-05 15:13:32", "event_type": "start_session", "tags": null, "udid": null, "longitude": null, "latitude": null, "session": 2904, "client_time": null, "data": null, "operationid": null}}, {"pk": 141, "model": "rw.event", "fields": {"server_time": "2013-01-05 15:13:33", "event_type": "modify_stream", "tags": "3,4,5,22,8,9", "udid": null, "longitude": "-71.27851256892458", "latitude": "42.4954767995654", "session": 2904, "client_time": null, "data": null, "operationid": null}}, {"pk": 142, "model": "rw.event", "fields": {"server_time": "2013-01-05 15:13:33", "event_type": "modify_stream", "tags": "3,4,5,22,8,9", "udid": null, "longitude": "-71.27863180902541", "latitude": "42.49539838232123", "session": 2904, "client_time": null, "data": null, "operationid": null}}, {"pk": 143, "model": "rw.event", "fields": {"server_time": "2013-01-05 15:13:33", "event_type": "modify_stream", "tags": "3,4,5,22,8,9", "udid": null, "longitude": "-71.28115312478211", "latitude": "42.49852853855946", "session": 2904, "client_time": null, "data": null, "operationid": null}}, {"pk": 144, "model": "rw.event", "fields": {"server_time": "2013-01-05 15:13:40", "event_type": "modify_stream", "tags": "3,4,5,22,8,9", "udid": null, "longitude": "-71.28106646246395", "latitude": "42.49868184332037", "session": 2904, "client_time": null, "data": null, "operationid": null}}, {"pk": 145, "model": "rw.event", "fields": {"server_time": "2013-01-05 15:13:40", "event_type": "modify_stream", "tags": "3,4,5,22,8,9", "udid": null, "longitude": "-71.28106646246395", "latitude": "42.49868184332037", "session": 2904, "client_time": null, "data": null, "operationid": null}}, {"pk": 146, "model": "rw.event", "fields": {"server_time": "2013-01-05 15:13:43", "event_type": "modify_stream", "tags": "3,4,5,22,8,9", "udid": null, "longitude": "-71.28110904253207", "latitude": "42.49872802760684", "session": 2904, "client_time": null, "data": null, "operationid": null}}, {"pk": 147, "model": "rw.event", "fields": {"server_time": "2013-01-05 15:13:46", "event_type": "modify_stream", "tags": "3,4,5,22,8,9", "udid": null, "longitude": "-71.28106000839851", "latitude": "42.49868276532972", "session": 2904, "client_time": null, "data": null, "operationid": null}}, {"pk": 148, "model": "rw.event", "fields": {"server_time": "2013-01-05 15:13:49", "event_type": "modify_stream", "tags": "3,4,5,22,8,9", "udid": null, "longitude": "-71.28106847412072", "latitude": "42.4986327672773", "session": 2904, "client_time": null, "data": null, "operationid": null}}, {"pk": 149, "model": "rw.event", "fields": {"server_time": "2013-01-05 15:14:14", "event_type": "start_session", "tags": null, "udid": null, "longitude": null, "latitude": null, "session": 2905, "client_time": null, "data": null, "operationid": null}}, {"pk": 150, "model": "rw.event", "fields": {"server_time": "2013-01-05 15:14:14", "event_type": "modify_stream", "tags": "3,4,5,22,8,9", "udid": null, "longitude": "-71.28105430870436", "latitude": "42.49865070455009", "session": 2905, "client_time": null, "data": null, "operationid": null}}, {"pk": 151, "model": "rw.event", "fields": {"server_time": "2013-01-05 15:14:41", "event_type": "cleanup_session", "tags": null, "udid": null, "longitude": null, "latitude": null, "session": 2903, "client_time": null, "data": null, "operationid": null}}, {"pk": 152, "model": "rw.event", "fields": {"server_time": "2013-01-05 15:15:34", "event_type": "start_session", "tags": null, "udid": null, "longitude": null, "latitude": null, "session": 2906, "client_time": null, "data": null, "operationid": null}}, {"pk": 153, "model": "rw.event", "fields": {"server_time": "2013-01-05 15:15:35", "event_type": "modify_stream", "tags": "3,4,5,22,8,9", "udid": null, "longitude": "-71.28101868561588", "latitude": "42.49867010865593", "session": 2906, "client_time": null, "data": null, "operationid": null}}, {"pk": 154, "model": "rw.event", "fields": {"server_time": "2013-01-05 15:15:36", "event_type": "modify_stream", "tags": "3,4,5,22,8,9", "udid": null, "longitude": "-71.28060842707401", "latitude": "42.49806405388129", "session": 2906, "client_time": null, "data": null, "operationid": null}}, {"pk": 155, "model": "rw.event", "fields": {"server_time": "2013-01-05 15:15:36", "event_type": "modify_stream", "tags": "3,4,5,22,8,9", "udid": null, "longitude": "-71.28027170266805", "latitude": "42.49756662746061", "session": 2906, "client_time": null, "data": null, "operationid": null}}, {"pk": 156, "model": "rw.event", "fields": {"server_time": "2013-01-05 15:15:36", "event_type": "modify_stream", "tags": "3,4,5,22,8,9", "udid": null, "longitude": "-71.28115001197797", "latitude": "42.4985259303828", "session": 2906, "client_time": null, "data": null, "operationid": null}}, {"pk": 157, "model": "rw.event", "fields": {"server_time": "2013-01-05 15:15:42", "event_type": "modify_stream", "tags": "3,4,5,22,8,9", "udid": null, "longitude": "-71.28112044192038", "latitude": "42.49862308617914", "session": 2906, "client_time": null, "data": null, "operationid": null}}, {"pk": 158, "model": "rw.event", "fields": {"server_time": "2013-01-05 15:15:44", "event_type": "modify_stream", "tags": "3,4,5,22,8,9", "udid": null, "longitude": "-71.28112044192038", "latitude": "42.49862308617914", "session": 2906, "client_time": null, "data": null, "operationid": null}}, {"pk": 159, "model": "rw.event", "fields": {"server_time": "2013-01-05 15:15:45", "event_type": "modify_stream", "tags": "3,4,5,22,8,9", "udid": null, "longitude": "-71.28112044192038", "latitude": "42.49862308617914", "session": 2906, "client_time": null, "data": null, "operationid": null}}, {"pk": 160, "model": "rw.event", "fields": {"server_time": "2013-01-05 15:18:17", "event_type": "start_session", "tags": null, "udid": null, "longitude": null, "latitude": null, "session": 2907, "client_time": null, "data": null, "operationid": null}}, {"pk": 161, "model": "rw.event", "fields": {"server_time": "2013-01-05 15:18:17", "event_type": "modify_stream", "tags": "3,4,5,22,8,9", "udid": null, "longitude": "-71.28101763638095", "latitude": "42.49848293751273", "session": 2907, "client_time": null, "data": null, "operationid": null}}, {"pk": 162, "model": "rw.event", "fields": {"server_time": "2013-01-05 15:18:17", "event_type": "modify_stream", "tags": "3,4,5,22,8,9", "udid": null, "longitude": "-71.28092594307013", "latitude": "42.49835499224773", "session": 2907, "client_time": null, "data": null, "operationid": null}}, {"pk": 163, "model": "rw.event", "fields": {"server_time": "2013-01-05 15:18:18", "event_type": "modify_stream", "tags": "3,4,5,22,8,9", "udid": null, "longitude": "-71.28110130377068", "latitude": "42.49849064292818", "session": 2907, "client_time": null, "data": null, "operationid": null}}, {"pk": 164, "model": "rw.event", "fields": {"server_time": "2013-01-05 15:18:18", "event_type": "modify_stream", "tags": "3,4,5,22,8,9", "udid": null, "longitude": "-71.2811017358253", "latitude": "42.49852850034669", "session": 2907, "client_time": null, "data": null, "operationid": null}}, {"pk": 165, "model": "rw.event", "fields": {"server_time": "2013-01-05 15:18:20", "event_type": "modify_stream", "tags": "3,4,5,22,8,9", "udid": null, "longitude": "-71.2810900994309", "latitude": "42.49863389883423", "session": 2907, "client_time": null, "data": null, "operationid": null}}, {"pk": 166, "model": "rw.event", "fields": {"server_time": "2013-01-05 15:18:23", "event_type": "start_listen", "tags": null, "udid": null, "longitude": "-71.2810900994309", "latitude": "42.49863389883423", "session": 2907, "client_time": "2013-01-05 20:18:24  0000", "data": "", "operationid": null}}, {"pk": 167, "model": "rw.event", "fields": {"server_time": "2013-01-05 15:18:42", "event_type": "stop_listen", "tags": null, "udid": null, "longitude": "-71.2810900994309", "latitude": "42.49863389883423", "session": 2907, "client_time": "2013-01-05 20:18:43  0000", "data": "", "operationid": null}}, {"pk": 168, "model": "rw.event", "fields": {"server_time": "2013-01-05 15:20:13", "event_type": "start_session", "tags": null, "udid": null, "longitude": null, "latitude": null, "session": 2908, "client_time": null, "data": null, "operationid": null}}, {"pk": 169, "model": "rw.event", "fields": {"server_time": "2013-01-05 15:20:17", "event_type": "start_listen", "tags": null, "udid": null, "longitude": "-71.28106126568399", "latitude": "42.49862815723056", "session": 2908, "client_time": "2013-01-05 20:20:17  0000", "data": "", "operationid": null}}, {"pk": 170, "model": "rw.event", "fields": {"server_time": "2013-01-05 15:20:54", "event_type": "start_session", "tags": null, "udid": null, "longitude": null, "latitude": null, "session": 2909, "client_time": null, "data": null, "operationid": null}}, {"pk": 171, "model": "rw.event", "fields": {"server_time": "2013-01-05 15:20:55", "event_type": "modify_stream", "tags": "3,4,5,22,8,9", "udid": null, "longitude": "-71.28106126568399", "latitude": "42.49862815723056", "session": 2909, "client_time": null, "data": null, "operationid": null}}, {"pk": 172, "model": "rw.event", "fields": {"server_time": "2013-01-05 15:21:44", "event_type": "start_session", "tags": null, "udid": null, "longitude": null, "latitude": null, "session": 2910, "client_time": null, "data": null, "operationid": null}}, {"pk": 173, "model": "rw.event", "fields": {"server_time": "2013-01-05 15:21:44", "event_type": "modify_stream", "tags": "3,4,5,22,8,9", "udid": null, "longitude": "-71.28101888460739", "latitude": "42.49855083136685", "session": 2910, "client_time": null, "data": null, "operationid": null}}, {"pk": 174, "model": "rw.event", "fields": {"server_time": "2013-01-05 15:21:44", "event_type": "modify_stream", "tags": "3,4,5,22,8,9", "udid": null, "longitude": "-71.28098235361682", "latitude": "42.49849879191115", "session": 2910, "client_time": null, "data": null, "operationid": null}}, {"pk": 175, "model": "rw.event", "fields": {"server_time": "2013-01-05 15:21:44", "event_type": "modify_stream", "tags": "3,4,5,22,8,9", "udid": null, "longitude": "-71.28113820877358", "latitude": "42.49853084088309", "session": 2910, "client_time": null, "data": null, "operationid": null}}, {"pk": 176, "model": "rw.event", "fields": {"server_time": "2013-01-05 15:21:47", "event_type": "modify_stream", "tags": "3,4,5,22,8,9", "udid": null, "longitude": "-71.28104726790569", "latitude": "42.49857631515944", "session": 2910, "client_time": null, "data": null, "operationid": null}}, {"pk": 177, "model": "rw.event", "fields": {"server_time": "2013-01-05 15:22:49", "event_type": "start_session", "tags": null, "udid": null, "longitude": null, "latitude": null, "session": 2911, "client_time": null, "data": null, "operationid": null}}, {"pk": 178, "model": "rw.event", "fields": {"server_time": "2013-01-05 15:22:53", "event_type": "start_listen", "tags": null, "udid": null, "longitude": "-71.28104316077314", "latitude": "42.49856843617046", "session": 2911, "client_time": "2013-01-05 20:22:54  0000", "data": "", "operationid": null}}, {"pk": 179, "model": "rw.event", "fields": {"server_time": "2013-01-05 15:24:05", "event_type": "modify_stream", "tags": "3,4,5,22,8,9", "udid": null, "longitude": "-71.28108599229834", "latitude": "42.49861868567997", "session": 2911, "client_time": null, "data": null, "operationid": null}}, {"pk": 180, "model": "rw.event", "fields": {"server_time": "2013-01-05 15:25:49", "event_type": "heartbeat", "tags": null, "udid": null, "longitude": null, "latitude": null, "session": 2911, "client_time": null, "data": null, "operationid": null}}, {"pk": 181, "model": "rw.event", "fields": {"server_time": "2013-01-05 15:26:49", "event_type": "heartbeat", "tags": null, "udid": null, "longitude": null, "latitude": null, "session": 2911, "client_time": null, "data": null, "operationid": null}}, {"pk": 182, "model": "rw.event", "fields": {"server_time": "2013-01-05 15:27:49", "event_type": "heartbeat", "tags": null, "udid": null, "longitude": null, "latitude": null, "session": 2911, "client_time": null, "data": null, "operationid": null}}, {"pk": 183, "model": "rw.event", "fields": {"server_time": "2013-01-05 15:28:49", "event_type": "heartbeat", "tags": null, "udid": null, "longitude": null, "latitude": null, "session": 2911, "client_time": null, "data": null, "operationid": null}}, {"pk": 184, "model": "rw.event", "fields": {"server_time": "2013-01-05 15:29:49", "event_type": "heartbeat", "tags": null, "udid": null, "longitude": null, "latitude": null, "session": 2911, "client_time": null, "data": null, "operationid": null}}, {"pk": 185, "model": "rw.event", "fields": {"server_time": "2013-01-05 15:30:49", "event_type": "heartbeat", "tags": null, "udid": null, "longitude": null, "latitude": null, "session": 2911, "client_time": null, "data": null, "operationid": null}}, {"pk": 186, "model": "rw.event", "fields": {"server_time": "2013-01-05 15:31:02", "event_type": "start_session", "tags": null, "udid": null, "longitude": null, "latitude": null, "session": 2912, "client_time": null, "data": null, "operationid": null}}, {"pk": 187, "model": "rw.event", "fields": {"server_time": "2013-01-05 15:33:03", "event_type": "heartbeat", "tags": null, "udid": null, "longitude": null, "latitude": null, "session": 2912, "client_time": null, "data": null, "operationid": null}}, {"pk": 188, "model": "rw.event", "fields": {"server_time": "2013-01-05 15:34:02", "event_type": "heartbeat", "tags": null, "udid": null, "longitude": null, "latitude": null, "session": 2912, "client_time": null, "data": null, "operationid": null}}, {"pk": 189, "model": "rw.event", "fields": {"server_time": "2013-01-05 15:34:11", "event_type": "cleanup_session", "tags": null, "udid": null, "longitude": null, "latitude": null, "session": 2911, "client_time": null, "data": null, "operationid": null}}, {"pk": 190, "model": "rw.event", "fields": {"server_time": "2013-01-05 15:35:03", "event_type": "heartbeat", "tags": null, "udid": null, "longitude": null, "latitude": null, "session": 2912, "client_time": null, "data": null, "operationid": null}}, {"pk": 191, "model": "rw.event", "fields": {"server_time": "2013-01-05 15:38:25", "event_type": "cleanup_session", "tags": null, "udid": null, "longitude": null, "latitude": null, "session": 2912, "client_time": null, "data": null, "operationid": null}}, {"pk": 192, "model": "rw.event", "fields": {"server_time": "2013-01-05 15:44:34", "event_type": "start_session", "tags": null, "udid": null, "longitude": null, "latitude": null, "session": 2913, "client_time": null, "data": null, "operationid": null}}, {"pk": 193, "model": "rw.event", "fields": {"server_time": "2013-01-05 15:44:34", "event_type": "modify_stream", "tags": "3,4,5,22,8,9", "udid": null, "longitude": "1", "latitude": "1", "session": 2913, "client_time": null, "data": null, "operationid": null}}, {"pk": 194, "model": "rw.event", "fields": {"server_time": "2013-01-06 09:25:21", "event_type": "cleanup_session", "tags": null, "udid": null, "longitude": null, "latitude": null, "session": 2892, "client_time": null, "data": null, "operationid": null}}, {"pk": 56856, "model": "rw.event", "fields": {"server_time": "2013-01-11 11:28:24", "event_type": "start_session", "tags": null, "udid": null, "longitude": null, "latitude": null, "session": 4683, "client_time": null, "data": null, "operationid": null}}, {"pk": 56857, "model": "rw.event", "fields": {"server_time": "2013-01-11 11:28:36", "event_type": "modify_stream", "tags": "3,4,5,22,8,9", "udid": null, "longitude": "1", "latitude": "1", "session": 4683, "client_time": null, "data": null, "operationid": null}}, {"pk": 56858, "model": "rw.event", "fields": {"server_time": "2013-01-11 11:30:24", "event_type": "heartbeat", "tags": null, "udid": null, "longitude": null, "latitude": null, "session": 4683, "client_time": null, "data": null, "operationid": null}}, {"pk": 56859, "model": "rw.event", "fields": {"server_time": "2013-01-11 11:31:17", "event_type": "start_session", "tags": null, "udid": null, "longitude": null, "latitude": null, "session": 4684, "client_time": null, "data": null, "operationid": null}}, {"pk": 56860, "model": "rw.event", "fields": {"server_time": "2013-01-11 11:31:39", "event_type": "start_listen", "tags": null, "udid": null, "longitude": "1", "latitude": "1", "session": 4684, "client_time": "2013-01-11 16:31:39  0000", "data": "", "operationid": null}}, {"pk": 56861, "model": "rw.event", "fields": {"server_time": "2013-01-11 11:32:09", "event_type": "modify_stream", "tags": "3,4,5,22,8,9", "udid": null, "longitude": "1", "latitude": "1", "session": 4684, "client_time": null, "data": null, "operationid": null}}, {"pk": 56862, "model": "rw.event", "fields": {"server_time": "2013-01-11 11:32:12", "event_type": "modify_stream", "tags": "3,4,5,22,8,9", "udid": null, "longitude": "1", "latitude": "1", "session": 4684, "client_time": null, "data": null, "operationid": null}}, {"pk": 56863, "model": "rw.event", "fields": {"server_time": "2013-01-11 11:33:17", "event_type": "heartbeat", "tags": null, "udid": null, "longitude": null, "latitude": null, "session": 4684, "client_time": null, "data": null, "operationid": null}}, {"pk": 56864, "model": "rw.event", "fields": {"server_time": "2013-01-11 11:34:17", "event_type": "heartbeat", "tags": null, "udid": null, "longitude": null, "latitude": null, "session": 4684, "client_time": null, "data": null, "operationid": null}}, {"pk": 56865, "model": "rw.event", "fields": {"server_time": "2013-01-11 11:35:17", "event_type": "heartbeat", "tags": null, "udid": null, "longitude": null, "latitude": null, "session": 4684, "client_time": null, "data": null, "operationid": null}}, {"pk": 56866, "model": "rw.event", "fields": {"server_time": "2013-01-11 11:36:17", "event_type": "heartbeat", "tags": null, "udid": null, "longitude": null, "latitude": null, "session": 4684, "client_time": null, "data": null, "operationid": null}}, {"pk": 56867, "model": "rw.event", "fields": {"server_time": "2013-01-11 11:37:17", "event_type": "heartbeat", "tags": null, "udid": null, "longitude": null, "latitude": null, "session": 4684, "client_time": null, "data": null, "operationid": null}}, {"pk": 56868, "model": "rw.event", "fields": {"server_time": "2013-01-11 11:38:17", "event_type": "heartbeat", "tags": null, "udid": null, "longitude": null, "latitude": null, "session": 4684, "client_time": null, "data": null, "operationid": null}}, {"pk": 56869, "model": "rw.event", "fields": {"server_time": "2013-01-11 11:39:17", "event_type": "heartbeat", "tags": null, "udid": null, "longitude": null, "latitude": null, "session": 4684, "client_time": null, "data": null, "operationid": null}}, {"pk": 56870, "model": "rw.event", "fields": {"server_time": "2013-01-11 11:40:17", "event_type": "heartbeat", "tags": null, "udid": null, "longitude": null, "latitude": null, "session": 4684, "client_time": null, "data": null, "operationid": null}}, {"pk": 56871, "model": "rw.event", "fields": {"server_time": "2013-01-11 11:41:17", "event_type": "heartbeat", "tags": null, "udid": null, "longitude": null, "latitude": null, "session": 4684, "client_time": null, "data": null, "operationid": null}}, {"pk": 56872, "model": "rw.event", "fields": {"server_time": "2013-01-11 11:42:17", "event_type": "heartbeat", "tags": null, "udid": null, "longitude": null, "latitude": null, "session": 4684, "client_time": null, "data": null, "operationid": null}}, {"pk": 56873, "model": "rw.event", "fields": {"server_time": "2013-01-11 11:43:17", "event_type": "heartbeat", "tags": null, "udid": null, "longitude": null, "latitude": null, "session": 4684, "client_time": null, "data": null, "operationid": null}}, {"pk": 56874, "model": "rw.event", "fields": {"server_time": "2013-01-11 11:44:17", "event_type": "heartbeat", "tags": null, "udid": null, "longitude": null, "latitude": null, "session": 4684, "client_time": null, "data": null, "operationid": null}}, {"pk": 56875, "model": "rw.event", "fields": {"server_time": "2013-01-11 11:45:17", "event_type": "heartbeat", "tags": null, "udid": null, "longitude": null, "latitude": null, "session": 4684, "client_time": null, "data": null, "operationid": null}}, {"pk": 56876, "model": "rw.event", "fields": {"server_time": "2013-01-11 11:45:35", "event_type": "stop_listen", "tags": null, "udid": null, "longitude": "1", "latitude": "1", "session": 4684, "client_time": "2013-01-11 16:45:35  0000", "data": "", "operationid": null}}, {"pk": 56877, "model": "rw.event", "fields": {"server_time": "2013-01-11 11:46:17", "event_type": "heartbeat", "tags": null, "udid": null, "longitude": null, "latitude": null, "session": 4684, "client_time": null, "data": null, "operationid": null}}, {"pk": 56878, "model": "rw.event", "fields": {"server_time": "2013-01-11 11:47:17", "event_type": "heartbeat", "tags": null, "udid": null, "longitude": null, "latitude": null, "session": 4684, "client_time": null, "data": null, "operationid": null}}, {"pk": 56879, "model": "rw.event", "fields": {"server_time": "2013-01-11 11:50:38", "event_type": "cleanup_session", "tags": null, "udid": null, "longitude": null, "latitude": null, "session": 4684, "client_time": null, "data": null, "operationid": null}}, {"pk": 56880, "model": "rw.event", "fields": {"server_time": "2013-01-15 14:46:11", "event_type": "start_session", "tags": null, "udid": null, "longitude": null, "latitude": null, "session": 4685, "client_time": null, "data": null, "operationid": null}}, {"pk": 56881, "model": "rw.event", "fields": {"server_time": "2013-01-15 14:46:17", "event_type": "start_session", "tags": null, "udid": null, "longitude": null, "latitude": null, "session": 4686, "client_time": null, "data": null, "operationid": null}}, {"pk": 56882, "model": "rw.event", "fields": {"server_time": "2013-01-19 13:13:10", "event_type": "start_session", "tags": null, "udid": null, "longitude": null, "latitude": null, "session": 4687, "client_time": null, "data": null, "operationid": null}}, {"pk": 56883, "model": "rw.event", "fields": {"server_time": "2013-01-19 13:16:35", "event_type": "cleanup_session", "tags": null, "udid": null, "longitude": null, "latitude": null, "session": 4687, "client_time": null, "data": null, "operationid": null}}, {"pk": 56884, "model": "rw.event", "fields": {"server_time": "2013-01-19 13:34:11", "event_type": "start_session", "tags": null, "udid": null, "longitude": null, "latitude": null, "session": 4688, "client_time": null, "data": null, "operationid": null}}, {"pk": 56885, "model": "rw.event", "fields": {"server_time": "2013-01-20 13:52:53", "event_type": "start_session", "tags": null, "udid": null, "longitude": null, "latitude": null, "session": 4689, "client_time": null, "data": null, "operationid": null}}, {"pk": 56886, "model": "rw.event", "fields": {"server_time": "2013-01-20 17:02:37", "event_type": "start_session", "tags": null, "udid": null, "longitude": null, "latitude": null, "session": 4690, "client_time": null, "data": null, "operationid": null}}, {"pk": 56887, "model": "rw.event", "fields": {"server_time": "2013-01-20 17:03:48", "event_type": "start_session", "tags": null, "udid": null, "longitude": null, "latitude": null, "session": 4691, "client_time": null, "data": null, "operationid": null}}, {"pk": 56888, "model": "rw.event", "fields": {"server_time": "2013-01-20 17:06:05", "event_type": "start_session", "tags": null, "udid": null, "longitude": null, "latitude": null, "session": 4692, "client_time": null, "data": null, "operationid": null}}, {"pk": 56889, "model": "rw.event", "fields": {"server_time": "2013-01-20 17:06:31", "event_type": "start_session", "tags": null, "udid": null, "longitude": null, "latitude": null, "session": 4693, "client_time": null, "data": null, "operationid": null}}, {"pk": 56890, "model": "rw.event", "fields": {"server_time": "2013-01-21 09:55:41", "event_type": "start_session", "tags": null, "udid": null, "longitude": null, "latitude": null, "session": 4694, "client_time": null, "data": null, "operationid": null}}, {"pk": 56891, "model": "rw.event", "fields": {"server_time": "2013-01-21 10:15:02", "event_type": "start_session", "tags": null, "udid": null, "longitude": null, "latitude": null, "session": 4695, "client_time": null, "data": null, "operationid": null}}, {"pk": 56892, "model": "rw.event", "fields": {"server_time": "2013-01-21 10:40:35", "event_type": "start_session", "tags": null, "udid": null, "longitude": null, "latitude": null, "session": 4696, "client_time": null, "data": null, "operationid": null}}, {"pk": 56893, "model": "rw.event", "fields": {"server_time": "2013-01-21 10:43:17", "event_type": "start_session", "tags": null, "udid": null, "longitude": null, "latitude": null, "session": 4697, "client_time": null, "data": null, "operationid": null}}, {"pk": 56894, "model": "rw.event", "fields": {"server_time": "2013-01-21 10:43:41", "event_type": "start_record", "tags": null, "udid": null, "longitude": "1", "latitude": "1", "session": 4697, "client_time": "2013-01-21 15:43:41  0000", "data": "", "operationid": null}}, {"pk": 56895, "model": "rw.event", "fields": {"server_time": "2013-01-21 10:43:41", "event_type": "modify_stream", "tags": "3,4,5,22,8,9", "udid": null, "longitude": "1", "latitude": "1", "session": 4697, "client_time": null, "data": null, "operationid": null}}, {"pk": 56896, "model": "rw.event", "fields": {"server_time": "2013-01-21 10:43:55", "event_type": "stop_record", "tags": null, "udid": null, "longitude": "1", "latitude": "1", "session": 4697, "client_time": "2013-01-21 15:43:55  0000", "data": "", "operationid": null}}, {"pk": 56897, "model": "rw.event", "fields": {"server_time": "2013-01-21 10:43:58", "event_type": "cleanup_session", "tags": null, "udid": null, "longitude": null, "latitude": null, "session": 4696, "client_time": null, "data": null, "operationid": null}}, {"pk": 56898, "model": "rw.event", "fields": {"server_time": "2013-01-21 10:44:28", "event_type": "client_error", "tags": null, "udid": null, "longitude": "1", "latitude": "1", "session": 4697, "client_time": "2013-01-21 15:44:28  0000", "data": "addAssetToEnvelopeFailure Expected status code in (200-299), got 413", "operationid": null}}, {"pk": 56899, "model": "rw.event", "fields": {"server_time": "2013-01-21 10:44:28", "event_type": "stop_upload", "tags": null, "udid": null, "longitude": "1", "latitude": "1", "session": 4697, "client_time": "2013-01-21 15:44:28  0000", "data": "false", "operationid": null}}, {"pk": 56900, "model": "rw.event", "fields": {"server_time": "2013-01-21 10:44:28", "event_type": "client_error", "tags": null, "udid": null, "longitude": "1", "latitude": "1", "session": 4697, "client_time": "2013-01-21 15:44:28  0000", "data": "submitFileFailure Expected status code in (200-299), got 413", "operationid": null}}, {"pk": 56901, "model": "rw.event", "fields": {"server_time": "2013-01-21 10:44:35", "event_type": "client_error", "tags": null, "udid": null, "longitude": "1", "latitude": "1", "session": 4697, "client_time": "2013-01-21 15:44:34  0000", "data": "addAssetToEnvelopeFailure Expected status code in (200-299), got 413", "operationid": null}}, {"pk": 56902, "model": "rw.event", "fields": {"server_time": "2013-01-21 10:44:35", "event_type": "client_error", "tags": null, "udid": null, "longitude": "1", "latitude": "1", "session": 4697, "client_time": "2013-01-21 15:44:34  0000", "data": "submitFileFailure Expected status code in (200-299), got 413", "operationid": null}}, {"pk": 56903, "model": "rw.event", "fields": {"server_time": "2013-01-21 10:44:35", "event_type": "stop_upload", "tags": null, "udid": null, "longitude": "1", "latitude": "1", "session": 4697, "client_time": "2013-01-21 15:44:34  0000", "data": "false", "operationid": null}}, {"pk": 56904, "model": "rw.event", "fields": {"server_time": "2013-01-21 10:44:42", "event_type": "client_error", "tags": null, "udid": null, "longitude": "1", "latitude": "1", "session": 4697, "client_time": "2013-01-21 15:44:41  0000", "data": "addAssetToEnvelopeFailure Expected status code in (200-299), got 413", "operationid": null}}, {"pk": 56905, "model": "rw.event", "fields": {"server_time": "2013-01-21 10:44:42", "event_type": "client_error", "tags": null, "udid": null, "longitude": "1", "latitude": "1", "session": 4697, "client_time": "2013-01-21 15:44:41  0000", "data": "submitFileFailure Expected status code in (200-299), got 413", "operationid": null}}, {"pk": 56906, "model": "rw.event", "fields": {"server_time": "2013-01-21 10:44:42", "event_type": "stop_upload", "tags": null, "udid": null, "longitude": "1", "latitude": "1", "session": 4697, "client_time": "2013-01-21 15:44:41  0000", "data": "false", "operationid": null}}, {"pk": 56907, "model": "rw.event", "fields": {"server_time": "2013-01-21 10:44:49", "event_type": "client_error", "tags": null, "udid": null, "longitude": "1", "latitude": "1", "session": 4697, "client_time": "2013-01-21 15:44:48  0000", "data": "addAssetToEnvelopeFailure Expected status code in (200-299), got 413", "operationid": null}}, {"pk": 56908, "model": "rw.event", "fields": {"server_time": "2013-01-21 10:44:49", "event_type": "stop_upload", "tags": null, "udid": null, "longitude": "1", "latitude": "1", "session": 4697, "client_time": "2013-01-21 15:44:48  0000", "data": "false", "operationid": null}}, {"pk": 56909, "model": "rw.event", "fields": {"server_time": "2013-01-21 10:44:49", "event_type": "client_error", "tags": null, "udid": null, "longitude": "1", "latitude": "1", "session": 4697, "client_time": "2013-01-21 15:44:48  0000", "data": "submitFileFailure Expected status code in (200-299), got 413", "operationid": null}}, {"pk": 56910, "model": "rw.event", "fields": {"server_time": "2013-01-21 10:44:55", "event_type": "client_error", "tags": null, "udid": null, "longitude": "1", "latitude": "1", "session": 4697, "client_time": "2013-01-21 15:44:55  0000", "data": "addAssetToEnvelopeFailure Expected status code in (200-299), got 413", "operationid": null}}, {"pk": 56911, "model": "rw.event", "fields": {"server_time": "2013-01-21 10:44:56", "event_type": "stop_upload", "tags": null, "udid": null, "longitude": "1", "latitude": "1", "session": 4697, "client_time": "2013-01-21 15:44:55  0000", "data": "false", "operationid": null}}, {"pk": 56912, "model": "rw.event", "fields": {"server_time": "2013-01-21 10:44:56", "event_type": "client_error", "tags": null, "udid": null, "longitude": "1", "latitude": "1", "session": 4697, "client_time": "2013-01-21 15:44:55  0000", "data": "submitFileFailure Expected status code in (200-299), got 413", "operationid": null}}, {"pk": 56913, "model": "rw.event", "fields": {"server_time": "2013-01-21 10:45:03", "event_type": "client_error", "tags": null, "udid": null, "longitude": "1", "latitude": "1", "session": 4697, "client_time": "2013-01-21 15:45:02  0000", "data": "addAssetToEnvelopeFailure Expected status code in (200-299), got 413", "operationid": null}}, {"pk": 56914, "model": "rw.event", "fields": {"server_time": "2013-01-21 10:45:03", "event_type": "stop_upload", "tags": null, "udid": null, "longitude": "1", "latitude": "1", "session": 4697, "client_time": "2013-01-21 15:45:02  0000", "data": "false", "operationid": null}}, {"pk": 56915, "model": "rw.event", "fields": {"server_time": "2013-01-21 10:45:03", "event_type": "client_error", "tags": null, "udid": null, "longitude": "1", "latitude": "1", "session": 4697, "client_time": "2013-01-21 15:45:02  0000", "data": "submitFileFailure Expected status code in (200-299), got 413", "operationid": null}}, {"pk": 56916, "model": "rw.event", "fields": {"server_time": "2013-01-21 10:45:10", "event_type": "client_error", "tags": null, "udid": null, "longitude": "1", "latitude": "1", "session": 4697, "client_time": "2013-01-21 15:45:09  0000", "data": "addAssetToEnvelopeFailure Expected status code in (200-299), got 413", "operationid": null}}, {"pk": 56917, "model": "rw.event", "fields": {"server_time": "2013-01-21 10:45:10", "event_type": "stop_upload", "tags": null, "udid": null, "longitude": "1", "latitude": "1", "session": 4697, "client_time": "2013-01-21 15:45:09  0000", "data": "false", "operationid": null}}, {"pk": 56918, "model": "rw.event", "fields": {"server_time": "2013-01-21 10:45:10", "event_type": "client_error", "tags": null, "udid": null, "longitude": "1", "latitude": "1", "session": 4697, "client_time": "2013-01-21 15:45:09  0000", "data": "submitFileFailure Expected status code in (200-299), got 413", "operationid": null}}, {"pk": 56919, "model": "rw.event", "fields": {"server_time": "2013-01-21 10:45:17", "event_type": "client_error", "tags": null, "udid": null, "longitude": "1", "latitude": "1", "session": 4697, "client_time": "2013-01-21 15:45:16  0000", "data": "addAssetToEnvelopeFailure Expected status code in (200-299), got 413", "operationid": null}}, {"pk": 56920, "model": "rw.event", "fields": {"server_time": "2013-01-21 10:45:17", "event_type": "stop_upload", "tags": null, "udid": null, "longitude": "1", "latitude": "1", "session": 4697, "client_time": "2013-01-21 15:45:16  0000", "data": "false", "operationid": null}}, {"pk": 56921, "model": "rw.event", "fields": {"server_time": "2013-01-21 10:45:17", "event_type": "client_error", "tags": null, "udid": null, "longitude": "1", "latitude": "1", "session": 4697, "client_time": "2013-01-21 15:45:16  0000", "data": "submitFileFailure Expected status code in (200-299), got 413", "operationid": null}}, {"pk": 56922, "model": "rw.event", "fields": {"server_time": "2013-01-21 10:45:17", "event_type": "heartbeat", "tags": null, "udid": null, "longitude": null, "latitude": null, "session": 4697, "client_time": null, "data": null, "operationid": null}}, {"pk": 56923, "model": "rw.event", "fields": {"server_time": "2013-01-21 10:45:24", "event_type": "client_error", "tags": null, "udid": null, "longitude": "1", "latitude": "1", "session": 4697, "client_time": "2013-01-21 15:45:23  0000", "data": "addAssetToEnvelopeFailure Expected status code in (200-299), got 413", "operationid": null}}, {"pk": 56924, "model": "rw.event", "fields": {"server_time": "2013-01-21 10:45:24", "event_type": "stop_upload", "tags": null, "udid": null, "longitude": "1", "latitude": "1", "session": 4697, "client_time": "2013-01-21 15:45:23  0000", "data": "false", "operationid": null}}, {"pk": 56925, "model": "rw.event", "fields": {"server_time": "2013-01-21 10:45:24", "event_type": "client_error", "tags": null, "udid": null, "longitude": "1", "latitude": "1", "session": 4697, "client_time": "2013-01-21 15:45:23  0000", "data": "submitFileFailure Expected status code in (200-299), got 413", "operationid": null}}, {"pk": 56926, "model": "rw.event", "fields": {"server_time": "2013-01-21 10:45:31", "event_type": "client_error", "tags": null, "udid": null, "longitude": "1", "latitude": "1", "session": 4697, "client_time": "2013-01-21 15:45:30  0000", "data": "addAssetToEnvelopeFailure Expected status code in (200-299), got 413", "operationid": null}}, {"pk": 56927, "model": "rw.event", "fields": {"server_time": "2013-01-21 10:45:31", "event_type": "stop_upload", "tags": null, "udid": null, "longitude": "1", "latitude": "1", "session": 4697, "client_time": "2013-01-21 15:45:30  0000", "data": "false", "operationid": null}}, {"pk": 56928, "model": "rw.event", "fields": {"server_time": "2013-01-21 10:45:31", "event_type": "client_error", "tags": null, "udid": null, "longitude": "1", "latitude": "1", "session": 4697, "client_time": "2013-01-21 15:45:30  0000", "data": "submitFileFailure Expected status code in (200-299), got 413", "operationid": null}}, {"pk": 56929, "model": "rw.event", "fields": {"server_time": "2013-01-21 10:45:37", "event_type": "client_error", "tags": null, "udid": null, "longitude": "1", "latitude": "1", "session": 4697, "client_time": "2013-01-21 15:45:37  0000", "data": "addAssetToEnvelopeFailure Expected status code in (200-299), got 413", "operationid": null}}, {"pk": 56930, "model": "rw.event", "fields": {"server_time": "2013-01-21 10:45:37", "event_type": "stop_upload", "tags": null, "udid": null, "longitude": "1", "latitude": "1", "session": 4697, "client_time": "2013-01-21 15:45:37  0000", "data": "false", "operationid": null}}, {"pk": 56931, "model": "rw.event", "fields": {"server_time": "2013-01-21 10:45:38", "event_type": "client_error", "tags": null, "udid": null, "longitude": "1", "latitude": "1", "session": 4697, "client_time": "2013-01-21 15:45:37  0000", "data": "submitFileFailure Expected status code in (200-299), got 413", "operationid": null}}, {"pk": 56932, "model": "rw.event", "fields": {"server_time": "2013-01-21 10:45:46", "event_type": "client_error", "tags": null, "udid": null, "longitude": "1", "latitude": "1", "session": 4697, "client_time": "2013-01-21 15:45:44  0000", "data": "submitFileFailure Expected status code in (200-299), got 413", "operationid": null}}, {"pk": 56933, "model": "rw.event", "fields": {"server_time": "2013-01-21 10:45:46", "event_type": "client_error", "tags": null, "udid": null, "longitude": "1", "latitude": "1", "session": 4697, "client_time": "2013-01-21 15:45:44  0000", "data": "addAssetToEnvelopeFailure Expected status code in (200-299), got 413", "operationid": null}}, {"pk": 56934, "model": "rw.event", "fields": {"server_time": "2013-01-21 10:45:46", "event_type": "stop_upload", "tags": null, "udid": null, "longitude": "1", "latitude": "1", "session": 4697, "client_time": "2013-01-21 15:45:44  0000", "data": "false", "operationid": null}}, {"pk": 56935, "model": "rw.event", "fields": {"server_time": "2013-01-21 10:48:42", "event_type": "cleanup_session", "tags": null, "udid": null, "longitude": null, "latitude": null, "session": 4697, "client_time": null, "data": null, "operationid": null}}, {"pk": 56936, "model": "rw.event", "fields": {"server_time": "2013-01-21 11:14:58", "event_type": "start_session", "tags": null, "udid": null, "longitude": null, "latitude": null, "session": 4698, "client_time": null, "data": null, "operationid": null}}, {"pk": 56937, "model": "rw.event", "fields": {"server_time": "2013-01-22 13:25:03", "event_type": "start_session", "tags": null, "udid": null, "longitude": null, "latitude": null, "session": 4699, "client_time": null, "data": null, "operationid": null}}, {"pk": 56938, "model": "rw.event", "fields": {"server_time": "2013-01-22 13:25:28", "event_type": "start_session", "tags": null, "udid": null, "longitude": null, "latitude": null, "session": 4700, "client_time": null, "data": null, "operationid": null}}, {"pk": 56939, "model": "rw.event", "fields": {"server_time": "2013-01-23 10:01:12", "event_type": "start_session", "tags": null, "udid": null, "longitude": null, "latitude": null, "session": 4701, "client_time": null, "data": null, "operationid": null}}, {"pk": 56940, "model": "rw.event", "fields": {"server_time": "2013-01-23 10:01:37", "event_type": "start_session", "tags": null, "udid": null, "longitude": null, "latitude": null, "session": 4702, "client_time": null, "data": null, "operationid": null}}, {"pk": 56941, "model": "rw.event", "fields": {"server_time": "2013-01-24 12:23:15", "event_type": "start_session", "tags": null, "udid": null, "longitude": null, "latitude": null, "session": 4703, "client_time": null, "data": null, "operationid": null}}, {"pk": 56942, "model": "rw.event", "fields": {"server_time": "2013-01-24 12:23:16", "event_type": "modify_stream", "tags": "", "udid": null, "longitude": "1", "latitude": "1", "session": 4703, "client_time": null, "data": null, "operationid": null}}, {"pk": 56943, "model": "rw.event", "fields": {"server_time": "2013-01-25 13:44:05", "event_type": "start_session", "tags": null, "udid": null, "longitude": null, "latitude": null, "session": 4704, "client_time": null, "data": null, "operationid": null}}, {"pk": 56944, "model": "rw.event", "fields": {"server_time": "2013-01-26 10:05:37", "event_type": "start_session", "tags": null, "udid": null, "longitude": null, "latitude": null, "session": 4705, "client_time": null, "data": null, "operationid": null}}, {"pk": 56945, "model": "rw.event", "fields": {"server_time": "2013-01-27 14:52:05", "event_type": "start_session", "tags": null, "udid": null, "longitude": null, "latitude": null, "session": 4706, "client_time": null, "data": null, "operationid": null}}, {"pk": 1, "model": "rw.asset", "fields": {"project": 1, "language": 1, "created": "2012-07-24 18:06:40", "tags": [3, 5, 8], "submitted": true, "filename": "rw_test_audio1.wav", "volume": 1.0, "session": 2891, "longitude": 1.0, "latitude": 1.0, "audiolength": 30000000000}}, {"pk": 2, "model": "rw.asset", "fields": {"project": 1, "language": 1, "created": "2013-01-05 12:09:09", "tags": [3, 5, 8], "submitted": true, "filename": "20130105-120908.wav", "volume": 1.0, "session": 2898, "longitude": -71.2810897827148, "latitude": 42.4985694885254, "audiolength": 10634739230}}, {"pk": 3, "model": "rw.asset", "fields": {"project": 1, "language": 1, "created": "2013-01-05 14:59:48", "tags": [3, 5, 8], "submitted": true, "filename": "20130105-145948.wav", "volume": 1.0, "session": 2902, "longitude": 114.158180236816, "latitude": 22.2846813201904, "audiolength": 6640907030}}, {"pk": 4, "model": "rw.asset", "fields": {"project": 1, "language": 1, "created": "2013-01-05 15:01:25", "tags": [3, 5, 8], "submitted": true, "filename": "20130105-150125.wav", "volume": 5.0, "session": 2902, "longitude": 1.0, "latitude": 1.0, "audiolength": 4179591837}}, {"pk": 302, "model": "rw.envelope", "fields": {"session": 2891, "assets": [1], "created": "2013-01-21 10:36:44"}}, {"pk": 303, "model": "rw.envelope", "fields": {"session": 2894, "assets": [], "created": "2013-01-21 10:36:44"}}, {"pk": 304, "model": "rw.envelope", "fields": {"session": 2894, "assets": [], "created": "2013-01-21 10:36:44"}}, {"pk": 305, "model": "rw.envelope", "fields": {"session": 2894, "assets": [], "created": "2013-01-21 10:36:44"}}, {"pk": 306, "model": "rw.envelope", "fields": {"session": 2895, "assets": [], "created": "2013-01-21 10:36:44"}}, {"pk": 307, "model": "rw.envelope", "fields": {"session": 2895, "assets": [], "created": "2013-01-21 10:36:44"}}, {"pk": 308, "model": "rw.envelope", "fields": {"session": 2895, "assets": [], "created": "2013-01-21 10:36:44"}}, {"pk": 309, "model": "rw.envelope", "fields": {"session": 2896, "assets": [], "created": "2013-01-21 10:36:44"}}, {"pk": 310, "model": "rw.envelope", "fields": {"session": 2897, "assets": [], "created": "2013-01-21 10:36:44"}}, {"pk": 311, "model": "rw.envelope", "fields": {"session": 2898, "assets": [2], "created": "2013-01-21 10:36:44"}}, {"pk": 312, "model": "rw.envelope", "fields": {"session": 2902, "assets": [3], "created": "2013-01-21 10:36:44"}}, {"pk": 313, "model": "rw.envelope", "fields": {"session": 2902, "assets": [4], "created": "2013-01-21 10:36:44"}}, {"pk": 589, "model": "rw.envelope", "fields": {"session": 4697, "assets": [], "created": "2013-01-21 10:44:21"}}, {"pk": 1, "model": "rw.speaker", "fields": {"code": "1", "backupuri": "http://scapesaudio.dyndns.org:8000/scapes1.mp3", "uri": "http://scapesaudio.dyndns.org:8000/scapes1.mp3", "longitude": 1.0, "activeyn": true, "project": 1, "minvolume": 0.5, "mindistance": 100, "latitude": 1.0, "maxvolume": 0.5, "maxdistance": 1000}}, {"pk": 2, "model": "rw.speaker", "fields": {"code": "PRR", "backupuri": "http://scapesaudio.dyndns.org:8000/scapes2.mp3", "uri": "http://scapesaudio.dyndns.org:8000/r2cA3.mp3", "longitude": -71.2810900994, "activeyn": true, "project": 1, "minvolume": 0.0, "mindistance": 100, "latitude": 42.4986338988, "maxvolume": 1.0, "maxdistance": 1000}}, {"pk": 1, "model": "rw.listeninghistoryitem", "fields": {"duration": 30000000000, "session": 2892, "asset": 1, "starttime": "2013-01-04 17:23:33"}}, {"pk": 2, "model": "rw.listeninghistoryitem", "fields": {"duration": 30000000000, "session": 2892, "asset": 1, "starttime": "2013-01-04 17:27:38"}}, {"pk": 3, "model": "rw.listeninghistoryitem", "fields": {"duration": 30000000000, "session": 2892, "asset": 1, "starttime": "2013-01-04 17:28:11"}}, {"pk": 4, "model": "rw.listeninghistoryitem", "fields": {"duration": 30000000000, "session": 2892, "asset": 1, "starttime": "2013-01-04 17:28:43"}}, {"pk": 5, "model": "rw.listeninghistoryitem", "fields": {"duration": 30000000000, "session": 2892, "asset": 1, "starttime": "2013-01-04 17:29:15"}}, {"pk": 6, "model": "rw.listeninghistoryitem", "fields": {"duration": 30000000000, "session": 2892, "asset": 1, "starttime": "2013-01-04 17:29:47"}}, {"pk": 7, "model": "rw.listeninghistoryitem", "fields": {"duration": 30000000000, "session": 2892, "asset": 1, "starttime": "2013-01-04 17:30:20"}}, {"pk": 8, "model": "rw.listeninghistoryitem", "fields": {"duration": 30000000000, "session": 2892, "asset": 1, "starttime": "2013-01-04 17:30:53"}}, {"pk": 9, "model": "rw.listeninghistoryitem", "fields": {"duration": 30000000000, "session": 2894, "asset": 1, "starttime": "2013-01-05 11:11:58"}}, {"pk": 10, "model": "rw.listeninghistoryitem", "fields": {"duration": 30000000000, "session": 2894, "asset": 1, "starttime": "2013-01-05 11:12:29"}}, {"pk": 11, "model": "rw.listeninghistoryitem", "fields": {"duration": 30000000000, "session": 2894, "asset": 1, "starttime": "2013-01-05 11:13:02"}}, {"pk": 12, "model": "rw.listeninghistoryitem", "fields": {"duration": 30000000000, "session": 2894, "asset": 1, "starttime": "2013-01-05 11:13:34"}}, {"pk": 13, "model": "rw.listeninghistoryitem", "fields": {"duration": 30000000000, "session": 2894, "asset": 1, "starttime": "2013-01-05 11:14:05"}}, {"pk": 14, "model": "rw.listeninghistoryitem", "fields": {"duration": 30000000000, "session": 2894, "asset": 1, "starttime": "2013-01-05 11:14:38"}}, {"pk": 15, "model": "rw.listeninghistoryitem", "fields": {"duration": 30000000000, "session": 2894, "asset": 1, "starttime": "2013-01-05 11:15:11"}}, {"pk": 16, "model": "rw.listeninghistoryitem", "fields": {"duration": 30000000000, "session": 2894, "asset": 1, "starttime": "2013-01-05 11:15:43"}}, {"pk": 17, "model": "rw.listeninghistoryitem", "fields": {"duration": 30000000000, "session": 2894, "asset": 1, "starttime": "2013-01-05 11:16:16"}}, {"pk": 18, "model": "rw.listeninghistoryitem", "fields": {"duration": 30000000000, "session": 2894, "asset": 1, "starttime": "2013-01-05 11:16:48"}}, {"pk": 19, "model": "rw.listeninghistoryitem", "fields": {"duration": 30000000000, "session": 2894, "asset": 1, "starttime": "2013-01-05 11:17:20"}}, {"pk": 20, "model": "rw.listeninghistoryitem", "fields": {"duration": 30000000000, "session": 2894, "asset": 1, "starttime": "2013-01-05 11:17:51"}}, {"pk": 21, "model": "rw.listeninghistoryitem", "fields": {"duration": 30000000000, "session": 2894, "asset": 1, "starttime": "2013-01-05 11:18:23"}}, {"pk": 22, "model": "rw.listeninghistoryitem", "fields": {"duration": 30000000000, "session": 2894, "asset": 1, "starttime": "2013-01-05 11:18:54"}}, {"pk": 23, "model": "rw.listeninghistoryitem", "fields": {"duration": 30000000000, "session": 2894, "asset": 1, "starttime": "2013-01-05 11:19:27"}}, {"pk": 24, "model": "rw.listeninghistoryitem", "fields": {"duration": 30000000000, "session": 2895, "asset": 1, "starttime": "2013-01-05 11:19:53"}}, {"pk": 25, "model": "rw.listeninghistoryitem", "fields": {"duration": 30000000000, "session": 2894, "asset": 1, "starttime": "2013-01-05 11:20:00"}}, {"pk": 26, "model": "rw.listeninghistoryitem", "fields": {"duration": 30000000000, "session": 2895, "asset": 1, "starttime": "2013-01-05 11:20:26"}}, {"pk": 27, "model": "rw.listeninghistoryitem", "fields": {"duration": 30000000000, "session": 2894, "asset": 1, "starttime": "2013-01-05 11:20:32"}}, {"pk": 28, "model": "rw.listeninghistoryitem", "fields": {"duration": 30000000000, "session": 2895, "asset": 1, "starttime": "2013-01-05 11:20:59"}}, {"pk": 29, "model": "rw.listeninghistoryitem", "fields": {"duration": 30000000000, "session": 2894, "asset": 1, "starttime": "2013-01-05 11:21:05"}}, {"pk": 30, "model": "rw.listeninghistoryitem", "fields": {"duration": 30000000000, "session": 2895, "asset": 1, "starttime": "2013-01-05 11:21:31"}}, {"pk": 31, "model": "rw.listeninghistoryitem", "fields": {"duration": 30000000000, "session": 2894, "asset": 1, "starttime": "2013-01-05 11:21:39"}}, {"pk": 32, "model": "rw.listeninghistoryitem", "fields": {"duration": 30000000000, "session": 2895, "asset": 1, "starttime": "2013-01-05 11:22:03"}}, {"pk": 33, "model": "rw.listeninghistoryitem", "fields": {"duration": 30000000000, "session": 2894, "asset": 1, "starttime": "2013-01-05 11:22:10"}}, {"pk": 34, "model": "rw.listeninghistoryitem", "fields": {"duration": 30000000000, "session": 2895, "asset": 1, "starttime": "2013-01-05 11:22:36"}}, {"pk": 35, "model": "rw.listeninghistoryitem", "fields": {"duration": 30000000000, "session": 2895, "asset": 1, "starttime": "2013-01-05 11:23:09"}}, {"pk": 36, "model": "rw.listeninghistoryitem", "fields": {"duration": 30000000000, "session": 2895, "asset": 1, "starttime": "2013-01-05 11:23:41"}}, {"pk": 37, "model": "rw.listeninghistoryitem", "fields": {"duration": 30000000000, "session": 2895, "asset": 1, "starttime": "2013-01-05 11:24:14"}}, {"pk": 38, "model": "rw.listeninghistoryitem", "fields": {"duration": 30000000000, "session": 2895, "asset": 1, "starttime": "2013-01-05 11:24:46"}}, {"pk": 39, "model": "rw.listeninghistoryitem", "fields": {"duration": 30000000000, "session": 2895, "asset": 1, "starttime": "2013-01-05 11:25:18"}}, {"pk": 40, "model": "rw.listeninghistoryitem", "fields": {"duration": 30000000000, "session": 2895, "asset": 1, "starttime": "2013-01-05 11:25:50"}}, {"pk": 41, "model": "rw.listeninghistoryitem", "fields": {"duration": 30000000000, "session": 2896, "asset": 1, "starttime": "2013-01-05 11:26:49"}}, {"pk": 42, "model": "rw.listeninghistoryitem", "fields": {"duration": 30000000000, "session": 2896, "asset": 1, "starttime": "2013-01-05 11:27:22"}}, {"pk": 43, "model": "rw.listeninghistoryitem", "fields": {"duration": 30000000000, "session": 2896, "asset": 1, "starttime": "2013-01-05 11:27:54"}}, {"pk": 44, "model": "rw.listeninghistoryitem", "fields": {"duration": 30000000000, "session": 2896, "asset": 1, "starttime": "2013-01-05 11:28:26"}}, {"pk": 45, "model": "rw.listeninghistoryitem", "fields": {"duration": 30000000000, "session": 2896, "asset": 1, "starttime": "2013-01-05 11:28:58"}}, {"pk": 46, "model": "rw.listeninghistoryitem", "fields": {"duration": 30000000000, "session": 2897, "asset": 1, "starttime": "2013-01-05 11:29:21"}}, {"pk": 47, "model": "rw.listeninghistoryitem", "fields": {"duration": 30000000000, "session": 2896, "asset": 1, "starttime": "2013-01-05 11:29:29"}}, {"pk": 48, "model": "rw.listeninghistoryitem", "fields": {"duration": 30000000000, "session": 2897, "asset": 1, "starttime": "2013-01-05 11:29:52"}}, {"pk": 49, "model": "rw.listeninghistoryitem", "fields": {"duration": 30000000000, "session": 2896, "asset": 1, "starttime": "2013-01-05 11:30:01"}}, {"pk": 50, "model": "rw.listeninghistoryitem", "fields": {"duration": 30000000000, "session": 2897, "asset": 1, "starttime": "2013-01-05 11:30:24"}}, {"pk": 51, "model": "rw.listeninghistoryitem", "fields": {"duration": 30000000000, "session": 2896, "asset": 1, "starttime": "2013-01-05 11:30:33"}}, {"pk": 52, "model": "rw.listeninghistoryitem", "fields": {"duration": 30000000000, "session": 2897, "asset": 1, "starttime": "2013-01-05 11:30:56"}}, {"pk": 53, "model": "rw.listeninghistoryitem", "fields": {"duration": 30000000000, "session": 2896, "asset": 1, "starttime": "2013-01-05 11:31:06"}}, {"pk": 54, "model": "rw.listeninghistoryitem", "fields": {"duration": 30000000000, "session": 2897, "asset": 1, "starttime": "2013-01-05 11:31:29"}}, {"pk": 55, "model": "rw.listeninghistoryitem", "fields": {"duration": 30000000000, "session": 2896, "asset": 1, "starttime": "2013-01-05 11:31:38"}}, {"pk": 56, "model": "rw.listeninghistoryitem", "fields": {"duration": 30000000000, "session": 2897, "asset": 1, "starttime": "2013-01-05 11:32:01"}}, {"pk": 57, "model": "rw.listeninghistoryitem", "fields": {"duration": 30000000000, "session": 2897, "asset": 1, "starttime": "2013-01-05 11:32:33"}}, {"pk": 58, "model": "rw.listeninghistoryitem", "fields": {"duration": 30000000000, "session": 2897, "asset": 1, "starttime": "2013-01-05 11:33:05"}}, {"pk": 59, "model": "rw.listeninghistoryitem", "fields": {"duration": 30000000000, "session": 2897, "asset": 1, "starttime": "2013-01-05 11:33:38"}}, {"pk": 60, "model": "rw.listeninghistoryitem", "fields": {"duration": 30000000000, "session": 2898, "asset": 1, "starttime": "2013-01-05 12:08:44"}}, {"pk": 61, "model": "rw.listeninghistoryitem", "fields": {"duration": 30000000000, "session": 2898, "asset": 1, "starttime": "2013-01-05 12:09:17"}}, {"pk": 62, "model": "rw.listeninghistoryitem", "fields": {"duration": 30000000000, "session": 2898, "asset": 1, "starttime": "2013-01-05 12:09:50"}}, {"pk": 63, "model": "rw.listeninghistoryitem", "fields": {"duration": 30000000000, "session": 2898, "asset": 1, "starttime": "2013-01-05 12:10:21"}}, {"pk": 64, "model": "rw.listeninghistoryitem", "fields": {"duration": 30000000000, "session": 2898, "asset": 1, "starttime": "2013-01-05 12:10:53"}}, {"pk": 65, "model": "rw.listeninghistoryitem", "fields": {"duration": 30000000000, "session": 2898, "asset": 1, "starttime": "2013-01-05 12:11:27"}}, {"pk": 66, "model": "rw.listeninghistoryitem", "fields": {"duration": 30000000000, "session": 2898, "asset": 1, "starttime": "2013-01-05 12:11:59"}}, {"pk": 67, "model": "rw.listeninghistoryitem", "fields": {"duration": 30000000000, "session": 2898, "asset": 1, "starttime": "2013-01-05 12:12:33"}}, {"pk": 68, "model": "rw.listeninghistoryitem", "fields": {"duration": 30000000000, "session": 2898, "asset": 1, "starttime": "2013-01-05 12:13:05"}}, {"pk": 69, "model": "rw.listeninghistoryitem", "fields": {"duration": 30000000000, "session": 2898, "asset": 1, "starttime": "2013-01-05 12:13:37"}}, {"pk": 70, "model": "rw.listeninghistoryitem", "fields": {"duration": 30000000000, "session": 2898, "asset": 1, "starttime": "2013-01-05 12:14:10"}}, {"pk": 71, "model": "rw.listeninghistoryitem", "fields": {"duration": 30000000000, "session": 2898, "asset": 1, "starttime": "2013-01-05 12:14:41"}}, {"pk": 72, "model": "rw.listeninghistoryitem", "fields": {"duration": 30000000000, "session": 2898, "asset": 1, "starttime": "2013-01-05 12:15:14"}}, {"pk": 73, "model": "rw.listeninghistoryitem", "fields": {"duration": 30000000000, "session": 2898, "asset": 1, "starttime": "2013-01-05 12:15:46"}}, {"pk": 74, "model": "rw.listeninghistoryitem", "fields": {"duration": 30000000000, "session": 2898, "asset": 1, "starttime": "2013-01-05 12:16:19"}}, {"pk": 75, "model": "rw.listeninghistoryitem", "fields": {"duration": 30000000000, "session": 2898, "asset": 1, "starttime": "2013-01-05 12:16:52"}}, {"pk": 76, "model": "rw.listeninghistoryitem", "fields": {"duration": 30000000000, "session": 2898, "asset": 1, "starttime": "2013-01-05 12:17:25"}}, {"pk": 77, "model": "rw.listeninghistoryitem", "fields": {"duration": 30000000000, "session": 2898, "asset": 1, "starttime": "2013-01-05 12:17:58"}}, {"pk": 78, "model": "rw.listeninghistoryitem", "fields": {"duration": 30000000000, "session": 2898, "asset": 1, "starttime": "2013-01-05 12:18:31"}}, {"pk": 79, "model": "rw.listeninghistoryitem", "fields": {"duration": 30000000000, "session": 2898, "asset": 1, "starttime": "2013-01-05 12:19:03"}}, {"pk": 80, "model": "rw.listeninghistoryitem", "fields": {"duration": 30000000000, "session": 2898, "asset": 1, "starttime": "2013-01-05 12:19:35"}}, {"pk": 81, "model": "rw.listeninghistoryitem", "fields": {"duration": 30000000000, "session": 2898, "asset": 1, "starttime": "2013-01-05 12:20:07"}}, {"pk": 82, "model": "rw.listeninghistoryitem", "fields": {"duration": 30000000000, "session": 2898, "asset": 1, "starttime": "2013-01-05 12:20:40"}}, {"pk": 83, "model": "rw.listeninghistoryitem", "fields": {"duration": 30000000000, "session": 2898, "asset": 1, "starttime": "2013-01-05 12:21:13"}}, {"pk": 84, "model": "rw.listeninghistoryitem", "fields": {"duration": 30000000000, "session": 2898, "asset": 1, "starttime": "2013-01-05 12:21:45"}}, {"pk": 85, "model": "rw.listeninghistoryitem", "fields": {"duration": 30000000000, "session": 2898, "asset": 1, "starttime": "2013-01-05 12:22:18"}}, {"pk": 86, "model": "rw.listeninghistoryitem", "fields": {"duration": 30000000000, "session": 2898, "asset": 1, "starttime": "2013-01-05 12:22:50"}}, {"pk": 87, "model": "rw.listeninghistoryitem", "fields": {"duration": 30000000000, "session": 2898, "asset": 1, "starttime": "2013-01-05 12:23:22"}}, {"pk": 88, "model": "rw.listeninghistoryitem", "fields": {"duration": 30000000000, "session": 2898, "asset": 1, "starttime": "2013-01-05 12:23:54"}}, {"pk": 89, "model": "rw.listeninghistoryitem", "fields": {"duration": 30000000000, "session": 2898, "asset": 1, "starttime": "2013-01-05 12:24:27"}}, {"pk": 90, "model": "rw.listeninghistoryitem", "fields": {"duration": 30000000000, "session": 2898, "asset": 1, "starttime": "2013-01-05 12:24:59"}}, {"pk": 91, "model": "rw.listeninghistoryitem", "fields": {"duration": 30000000000, "session": 2898, "asset": 1, "starttime": "2013-01-05 12:25:31"}}, {"pk": 92, "model": "rw.listeninghistoryitem", "fields": {"duration": 30000000000, "session": 2898, "asset": 1, "starttime": "2013-01-05 12:26:04"}}, {"pk": 93, "model": "rw.listeninghistoryitem", "fields": {"duration": 30000000000, "session": 2898, "asset": 1, "starttime": "2013-01-05 12:26:35"}}, {"pk": 94, "model": "rw.listeninghistoryitem", "fields": {"duration": 30000000000, "session": 2898, "asset": 1, "starttime": "2013-01-05 12:27:07"}}, {"pk": 95, "model": "rw.listeninghistoryitem", "fields": {"duration": 30000000000, "session": 2898, "asset": 1, "starttime": "2013-01-05 12:27:39"}}, {"pk": 96, "model": "rw.listeninghistoryitem", "fields": {"duration": 30000000000, "session": 2898, "asset": 1, "starttime": "2013-01-05 12:28:11"}}, {"pk": 97, "model": "rw.listeninghistoryitem", "fields": {"duration": 30000000000, "session": 2898, "asset": 1, "starttime": "2013-01-05 12:28:44"}}, {"pk": 98, "model": "rw.listeninghistoryitem", "fields": {"duration": 30000000000, "session": 2898, "asset": 1, "starttime": "2013-01-05 12:29:16"}}, {"pk": 99, "model": "rw.listeninghistoryitem", "fields": {"duration": 30000000000, "session": 2898, "asset": 1, "starttime": "2013-01-05 12:29:49"}}, {"pk": 100, "model": "rw.listeninghistoryitem", "fields": {"duration": 30000000000, "session": 2898, "asset": 1, "starttime": "2013-01-05 12:30:22"}}, {"pk": 101, "model": "rw.listeninghistoryitem", "fields": {"duration": 30000000000, "session": 2898, "asset": 1, "starttime": "2013-01-05 12:30:54"}}, {"pk": 102, "model": "rw.listeninghistoryitem", "fields": {"duration": 30000000000, "session": 2898, "asset": 1, "starttime": "2013-01-05 12:31:25"}}, {"pk": 103, "model": "rw.listeninghistoryitem", "fields": {"duration": 30000000000, "session": 2898, "asset": 1, "starttime": "2013-01-05 12:31:57"}}, {"pk": 104, "model": "rw.listeninghistoryitem", "fields": {"duration": 30000000000, "session": 2892, "asset": 1, "starttime": "2013-01-05 12:55:32"}}, {"pk": 105, "model": "rw.listeninghistoryitem", "fields": {"duration": 30000000000, "session": 2892, "asset": 1, "starttime": "2013-01-05 12:56:04"}}, {"pk": 106, "model": "rw.listeninghistoryitem", "fields": {"duration": 30000000000, "session": 2892, "asset": 1, "starttime": "2013-01-05 12:56:37"}}, {"pk": 107, "model": "rw.listeninghistoryitem", "fields": {"duration": 30000000000, "session": 2892, "asset": 1, "starttime": "2013-01-05 12:57:08"}}, {"pk": 108, "model": "rw.listeninghistoryitem", "fields": {"duration": 30000000000, "session": 2892, "asset": 1, "starttime": "2013-01-05 12:57:41"}}, {"pk": 109, "model": "rw.listeninghistoryitem", "fields": {"duration": 30000000000, "session": 2892, "asset": 1, "starttime": "2013-01-05 12:58:14"}}, {"pk": 110, "model": "rw.listeninghistoryitem", "fields": {"duration": 30000000000, "session": 2892, "asset": 1, "starttime": "2013-01-05 12:58:47"}}, {"pk": 111, "model": "rw.listeninghistoryitem", "fields": {"duration": 30000000000, "session": 2902, "asset": 1, "starttime": "2013-01-05 14:56:14"}}, {"pk": 112, "model": "rw.listeninghistoryitem", "fields": {"duration": 30000000000, "session": 2902, "asset": 1, "starttime": "2013-01-05 14:56:46"}}, {"pk": 113, "model": "rw.listeninghistoryitem", "fields": {"duration": 30000000000, "session": 2902, "asset": 1, "starttime": "2013-01-05 14:57:19"}}, {"pk": 114, "model": "rw.listeninghistoryitem", "fields": {"duration": 30000000000, "session": 2902, "asset": 1, "starttime": "2013-01-05 14:57:52"}}, {"pk": 115, "model": "rw.listeninghistoryitem", "fields": {"duration": 30000000000, "session": 2902, "asset": 1, "starttime": "2013-01-05 14:58:24"}}, {"pk": 116, "model": "rw.listeninghistoryitem", "fields": {"duration": 10634739230, "session": 2902, "asset": 2, "starttime": "2013-01-05 14:58:56"}}, {"pk": 117, "model": "rw.listeninghistoryitem", "fields": {"duration": 30000000000, "session": 2902, "asset": 1, "starttime": "2013-01-05 14:59:10"}}, {"pk": 118, "model": "rw.listeninghistoryitem", "fields": {"duration": 10634739230, "session": 2902, "asset": 2, "starttime": "2013-01-05 14:59:42"}}, {"pk": 119, "model": "rw.listeninghistoryitem", "fields": {"duration": 30000000000, "session": 2902, "asset": 1, "starttime": "2013-01-05 14:59:55"}}, {"pk": 120, "model": "rw.listeninghistoryitem", "fields": {"duration": 10634739230, "session": 2902, "asset": 2, "starttime": "2013-01-05 15:00:27"}}, {"pk": 121, "model": "rw.listeninghistoryitem", "fields": {"duration": 6640907030, "session": 2902, "asset": 3, "starttime": "2013-01-05 15:00:40"}}, {"pk": 122, "model": "rw.listeninghistoryitem", "fields": {"duration": 10634739230, "session": 2902, "asset": 2, "starttime": "2013-01-05 15:00:48"}}, {"pk": 123, "model": "rw.listeninghistoryitem", "fields": {"duration": 30000000000, "session": 2902, "asset": 1, "starttime": "2013-01-05 15:01:02"}}, {"pk": 124, "model": "rw.listeninghistoryitem", "fields": {"duration": 30000000000, "session": 2902, "asset": 1, "starttime": "2013-01-05 15:01:34"}}, {"pk": 125, "model": "rw.listeninghistoryitem", "fields": {"duration": 6640907030, "session": 2902, "asset": 3, "starttime": "2013-01-05 15:02:07"}}, {"pk": 126, "model": "rw.listeninghistoryitem", "fields": {"duration": 10634739230, "session": 2902, "asset": 2, "starttime": "2013-01-05 15:02:16"}}, {"pk": 127, "model": "rw.listeninghistoryitem", "fields": {"duration": 30000000000, "session": 2902, "asset": 1, "starttime": "2013-01-05 15:02:29"}}, {"pk": 128, "model": "rw.listeninghistoryitem", "fields": {"duration": 6640907030, "session": 2902, "asset": 3, "starttime": "2013-01-05 15:03:01"}}, {"pk": 129, "model": "rw.listeninghistoryitem", "fields": {"duration": 30000000000, "session": 2902, "asset": 1, "starttime": "2013-01-05 15:03:11"}}, {"pk": 130, "model": "rw.listeninghistoryitem", "fields": {"duration": 10634739230, "session": 2902, "asset": 2, "starttime": "2013-01-05 15:03:43"}}, {"pk": 131, "model": "rw.listeninghistoryitem", "fields": {"duration": 4179591837, "session": 2902, "asset": 4, "starttime": "2013-01-05 15:03:56"}}, {"pk": 132, "model": "rw.listeninghistoryitem", "fields": {"duration": 6640907030, "session": 2902, "asset": 3, "starttime": "2013-01-05 15:04:03"}}, {"pk": 133, "model": "rw.listeninghistoryitem", "fields": {"duration": 10634739230, "session": 2902, "asset": 2, "starttime": "2013-01-05 15:04:11"}}, {"pk": 134, "model": "rw.listeninghistoryitem", "fields": {"duration": 30000000000, "session": 2902, "asset": 1, "starttime": "2013-01-05 15:04:23"}}, {"pk": 135, "model": "rw.listeninghistoryitem", "fields": {"duration": 4179591837, "session": 2902, "asset": 4, "starttime": "2013-01-05 15:04:55"}}, {"pk": 136, "model": "rw.listeninghistoryitem", "fields": {"duration": 4179591837, "session": 2902, "asset": 4, "starttime": "2013-01-05 15:05:02"}}, {"pk": 137, "model": "rw.listeninghistoryitem", "fields": {"duration": 6640907030, "session": 2902, "asset": 3, "starttime": "2013-01-05 15:05:08"}}, {"pk": 138, "model": "rw.listeninghistoryitem", "fields": {"duration": 30000000000, "session": 2902, "asset": 1, "starttime": "2013-01-05 15:05:17"}}, {"pk": 139, "model": "rw.listeninghistoryitem", "fields": {"duration": 10634739230, "session": 2902, "asset": 2, "starttime": "2013-01-05 15:05:49"}}, {"pk": 140, "model": "rw.listeninghistoryitem", "fields": {"duration": 6640907030, "session": 2902, "asset": 3, "starttime": "2013-01-05 15:06:02"}}, {"pk": 141, "model": "rw.listeninghistoryitem", "fields": {"duration": 30000000000, "session": 2902, "asset": 1, "starttime": "2013-01-05 15:06:12"}}, {"pk": 142, "model": "rw.listeninghistoryitem", "fields": {"duration": 4179591837, "session": 2902, "asset": 4, "starttime": "2013-01-05 15:06:44"}}, {"pk": 143, "model": "rw.listeninghistoryitem", "fields": {"duration": 10634739230, "session": 2902, "asset": 2, "starttime": "2013-01-05 15:06:51"}}, {"pk": 144, "model": "rw.listeninghistoryitem", "fields": {"duration": 6640907030, "session": 2902, "asset": 3, "starttime": "2013-01-05 15:07:04"}}, {"pk": 145, "model": "rw.listeninghistoryitem", "fields": {"duration": 10634739230, "session": 2902, "asset": 2, "starttime": "2013-01-05 15:07:12"}}, {"pk": 146, "model": "rw.listeninghistoryitem", "fields": {"duration": 30000000000, "session": 2902, "asset": 1, "starttime": "2013-01-05 15:07:25"}}, {"pk": 147, "model": "rw.listeninghistoryitem", "fields": {"duration": 4179591837, "session": 2902, "asset": 4, "starttime": "2013-01-05 15:07:58"}}, {"pk": 148, "model": "rw.listeninghistoryitem", "fields": {"duration": 4179591837, "session": 2902, "asset": 4, "starttime": "2013-01-05 15:08:05"}}, {"pk": 149, "model": "rw.listeninghistoryitem", "fields": {"duration": 4179591837, "session": 2903, "asset": 4, "starttime": "2013-01-05 15:08:12"}}, {"pk": 150, "model": "rw.listeninghistoryitem", "fields": {"duration": 10634739230, "session": 2902, "asset": 2, "starttime": "2013-01-05 15:08:13"}}, {"pk": 151, "model": "rw.listeninghistoryitem", "fields": {"duration": 30000000000, "session": 2903, "asset": 1, "starttime": "2013-01-05 15:08:18"}}, {"pk": 152, "model": "rw.listeninghistoryitem", "fields": {"duration": 30000000000, "session": 2902, "asset": 1, "starttime": "2013-01-05 15:08:26"}}, {"pk": 153, "model": "rw.listeninghistoryitem", "fields": {"duration": 4179591837, "session": 2903, "asset": 4, "starttime": "2013-01-05 15:08:50"}}, {"pk": 154, "model": "rw.listeninghistoryitem", "fields": {"duration": 30000000000, "session": 2903, "asset": 1, "starttime": "2013-01-05 15:08:57"}}, {"pk": 155, "model": "rw.listeninghistoryitem", "fields": {"duration": 6640907030, "session": 2902, "asset": 3, "starttime": "2013-01-05 15:08:59"}}, {"pk": 156, "model": "rw.listeninghistoryitem", "fields": {"duration": 30000000000, "session": 2902, "asset": 1, "starttime": "2013-01-05 15:09:09"}}, {"pk": 157, "model": "rw.listeninghistoryitem", "fields": {"duration": 6640907030, "session": 2903, "asset": 3, "starttime": "2013-01-05 15:09:30"}}, {"pk": 158, "model": "rw.listeninghistoryitem", "fields": {"duration": 30000000000, "session": 2903, "asset": 1, "starttime": "2013-01-05 15:09:38"}}, {"pk": 159, "model": "rw.listeninghistoryitem", "fields": {"duration": 6640907030, "session": 2902, "asset": 3, "starttime": "2013-01-05 15:09:41"}}, {"pk": 160, "model": "rw.listeninghistoryitem", "fields": {"duration": 10634739230, "session": 2902, "asset": 2, "starttime": "2013-01-05 15:09:50"}}, {"pk": 161, "model": "rw.listeninghistoryitem", "fields": {"duration": 4179591837, "session": 2902, "asset": 4, "starttime": "2013-01-05 15:10:03"}}, {"pk": 162, "model": "rw.listeninghistoryitem", "fields": {"duration": 6640907030, "session": 2902, "asset": 3, "starttime": "2013-01-05 15:10:10"}}, {"pk": 163, "model": "rw.listeninghistoryitem", "fields": {"duration": 4179591837, "session": 2903, "asset": 4, "starttime": "2013-01-05 15:10:11"}}, {"pk": 164, "model": "rw.listeninghistoryitem", "fields": {"duration": 4179591837, "session": 2902, "asset": 4, "starttime": "2013-01-05 15:10:18"}}, {"pk": 165, "model": "rw.listeninghistoryitem", "fields": {"duration": 10634739230, "session": 2902, "asset": 2, "starttime": "2013-01-05 15:10:25"}}, {"pk": 166, "model": "rw.listeninghistoryitem", "fields": {"duration": 4179591837, "session": 2903, "asset": 4, "starttime": "2013-01-05 15:10:45"}}, {"pk": 167, "model": "rw.listeninghistoryitem", "fields": {"duration": 30000000000, "session": 2903, "asset": 1, "starttime": "2013-01-05 15:10:52"}}, {"pk": 168, "model": "rw.listeninghistoryitem", "fields": {"duration": 6640907030, "session": 2903, "asset": 3, "starttime": "2013-01-05 15:11:24"}}, {"pk": 169, "model": "rw.listeninghistoryitem", "fields": {"duration": 10634739230, "session": 2911, "asset": 2, "starttime": "2013-01-05 15:22:52"}}, {"pk": 170, "model": "rw.listeninghistoryitem", "fields": {"duration": 10634739230, "session": 2911, "asset": 2, "starttime": "2013-01-05 15:24:05"}}, {"pk": 171, "model": "rw.listeninghistoryitem", "fields": {"duration": 10634739230, "session": 2912, "asset": 2, "starttime": "2013-01-05 15:31:07"}}, {"pk": 15537, "model": "rw.listeninghistoryitem", "fields": {"duration": 4179591837, "session": 4684, "asset": 4, "starttime": "2013-01-11 11:31:21"}}, {"pk": 15538, "model": "rw.listeninghistoryitem", "fields": {"duration": 30000000000, "session": 4684, "asset": 1, "starttime": "2013-01-11 11:31:27"}}, {"pk": 15539, "model": "rw.listeninghistoryitem", "fields": {"duration": 4179591837, "session": 4684, "asset": 4, "starttime": "2013-01-11 11:32:09"}}, {"pk": 15540, "model": "rw.listeninghistoryitem", "fields": {"duration": 30000000000, "session": 4684, "asset": 1, "starttime": "2013-01-11 11:32:15"}}, {"pk": 15541, "model": "rw.listeninghistoryitem", "fields": {"duration": 4179591837, "session": 4684, "asset": 4, "starttime": "2013-01-11 11:32:47"}}, {"pk": 15542, "model": "rw.listeninghistoryitem", "fields": {"duration": 4179591837, "session": 4687, "asset": 4, "starttime": "2013-01-19 13:13:18"}}, {"pk": 15543, "model": "rw.listeninghistoryitem", "fields": {"duration": 30000000000, "session": 4687, "asset": 1, "starttime": "2013-01-19 13:13:25"}}, {"pk": 15544, "model": "rw.listeninghistoryitem", "fields": {"duration": 30000000000, "session": 4696, "asset": 1, "starttime": "2013-01-21 10:40:40"}}, {"pk": 15545, "model": "rw.listeninghistoryitem", "fields": {"duration": 4179591837, "session": 4696, "asset": 4, "starttime": "2013-01-21 10:41:11"}}, {"pk": 15546, "model": "rw.listeninghistoryitem", "fields": {"duration": 30000000000, "session": 4697, "asset": 1, "starttime": "2013-01-21 10:43:23"}}, {"pk": 15547, "model": "rw.listeninghistoryitem", "fields": {"duration": 4179591837, "session": 4697, "asset": 4, "starttime": "2013-01-21 10:43:55"}}, {"pk": 15548, "model": "rw.listeninghistoryitem", "fields": {"duration": 30000000000, "session": 4697, "asset": 1, "starttime": "2013-01-21 10:44:02"}}]
