[
{
    "fields": {
        "language_code": "en"
    },
    "model": "rw.language",
    "pk": 1
},
{
    "fields": {
        "language_code": "es"
    },
    "model": "rw.language",
    "pk": 2
},
{
    "fields": {
        "localized_string": "male",
        "language": 1
    },
    "model": "rw.localizedstring",
    "pk": 5
},
{
    "fields": {
        "localized_string": "hombre",
        "language": 2
    },
    "model": "rw.localizedstring",
    "pk": 6
},
{
    "fields": {
        "localized_string": "female",
        "language": 1
    },
    "model": "rw.localizedstring",
    "pk": 7
},
{
    "fields": {
        "localized_string": "mujer",
        "language": 2
    },
    "model": "rw.localizedstring",
    "pk": 8
},
{
    "fields": {
        "localized_string": "Why are you using Roundware?",
        "language": 1
    },
    "model": "rw.localizedstring",
    "pk": 9
},
{
    "fields": {
        "localized_string": "\u00bfPor qu\u00e9 utiliza Roundware?",
        "language": 2
    },
    "model": "rw.localizedstring",
    "pk": 10
},
{
    "fields": {
        "localized_string": "Artist",
        "language": 1
    },
    "model": "rw.localizedstring",
    "pk": 15
},
{
    "fields": {
        "localized_string": "Artista",
        "language": 2
    },
    "model": "rw.localizedstring",
    "pk": 16
},
{
    "fields": {
        "localized_string": "Visitor",
        "language": 1
    },
    "model": "rw.localizedstring",
    "pk": 17
},
{
    "fields": {
        "localized_string": "Visitante",
        "language": 2
    },
    "model": "rw.localizedstring",
    "pk": 18
},
{
    "fields": {
        "localized_string": "Leave feedback",
        "language": 1
    },
    "model": "rw.localizedstring",
    "pk": 41
},
{
    "fields": {
        "localized_string": "Dejar comentario",
        "language": 2
    },
    "model": "rw.localizedstring",
    "pk": 42
},
{
    "fields": {
        "localized_string": "Respond to something you've heard.",
        "language": 1
    },
    "model": "rw.localizedstring",
    "pk": 43
},
{
    "fields": {
        "localized_string": "Responde sobre algo que has escuchado.",
        "language": 2
    },
    "model": "rw.localizedstring",
    "pk": 44
},
{
    "fields": {
        "localized_string": "You are out of range of this Roundware project.  Please go somewhere within range and try again.  Thank you.",
        "language": 1
    },
    "model": "rw.localizedstring",
    "pk": 47
},
{
    "fields": {
        "localized_string": "Est\u00e1 fuera del alcance de este proyecto Roundware. Por favor, vaya en alguna parte dentro del rango y vuelve a intentarlo. Gracias.",
        "language": 2
    },
    "model": "rw.localizedstring",
    "pk": 48
},
{
    "fields": {
        "localized_string": "Check out this awesome recording I made using Roundware!",
        "language": 1
    },
    "model": "rw.localizedstring",
    "pk": 49
},
{
    "fields": {
        "localized_string": "Echa un vistazo a este impresionante grabaci\u00f3n que hice usando Roundware!",
        "language": 2
    },
    "model": "rw.localizedstring",
    "pk": 50
},
{
    "fields": {
        "localized_string": "Herein should be the brief legal agreement that participants need to agree to in order to make and submit a recording to a Roundware project.",
        "language": 1
    },
    "model": "rw.localizedstring",
    "pk": 53
},
{
    "fields": {
        "localized_string": "En esto deber\u00eda ser el acuerdo escrito legal que los participantes deben ponerse de acuerdo a fin de realizar y presentar una grabaci\u00f3n a un proyecto Roundware.",
        "language": 2
    },
    "model": "rw.localizedstring",
    "pk": 54
},
{
    "fields": {
        "localized_string": "What genders do you want to listen to?",
        "language": 1
    },
    "model": "rw.localizedstring",
    "pk": 55
},
{
    "fields": {
        "localized_string": "\u00bfQu\u00e9 g\u00e9neros Qu\u00e9 quieres escuchar?",
        "language": 2
    },
    "model": "rw.localizedstring",
    "pk": 56
},
{
    "fields": {
        "localized_string": "Curator",
        "language": 1
    },
    "model": "rw.localizedstring",
    "pk": 57
},
{
    "fields": {
        "localized_string": "recent recordings",
        "language": 1
    },
    "model": "rw.localizedstring",
    "pk": 58
},
{
    "fields": {
        "localized_string": "nearby recordings",
        "language": 1
    },
    "model": "rw.localizedstring",
    "pk": 59
},
{
    "fields": {
        "localized_string": "Who do you want to hear?",
        "language": 1
    },
    "model": "rw.localizedstring",
    "pk": 60
},
{
    "fields": {
        "localized_string": "Who are you?",
        "language": 1
    },
    "model": "rw.localizedstring",
    "pk": 61
},
{
    "fields": {
        "localized_string": "What do you want to talk about?",
        "language": 1
    },
    "model": "rw.localizedstring",
    "pk": 62
},
{
    "fields": {
        "localized_string": "What do you want to listen to?",
        "language": 1
    },
    "model": "rw.localizedstring",
    "pk": 63
},
{
    "fields": {
        "localized_string": "What gender are you?",
        "language": 1
    },
    "model": "rw.localizedstring",
    "pk": 64
},
{
    "fields": {
        "geo_speak_enabled": true,
        "sharing_message_loc": [
            49,
            50
        ],
        "legal_agreement_loc": [
            53,
            54
        ],
        "files_version": "1",
        "out_of_range_url": "http://scapesaudio.dyndns.org:8000/mg_outofrange.mp3",
        "speak_questions_dynamic": false,
        "files_url": "http://halseyburgund.com/dev/rw-base/webview/rw.zip",
        "recording_radius": 2000,
        "timed_asset_priority": true,
        "demo_stream_enabled": false,
        "max_recording_length": 30,
        "listen_enabled": true,
        "ordering": "random",
        "reset_tag_defaults_on_startup": true,
        "latitude": 1.0,
        "audio_stream_bitrate": "128",
        "geo_listen_enabled": true,
        "out_of_range_distance": 10000.0,
        "audio_format": "mp3",
        "out_of_range_message_loc": [
            47,
            48
        ],
        "repeat_mode": "stop",
        "auto_submit": true,
        "listen_questions_dynamic": false,
        "demo_stream_url": "http://scapesaudio.dyndns.org:8000/scapes1.mp3",
        "pub_date": "2011-12-06T16:06:32",
        "speak_enabled": true,
        "name": "Test Project",
        "longitude": 1.0,
        "sharing_url": "http://roundware.org/r/eid=[id]",
        "demo_stream_message_loc": [
            47,
            48
        ]
    },
    "model": "rw.project",
    "pk": 1
},
{
    "fields": {
        "client_system": null,
        "language": 1,
        "project": 1,
        "stoptime": null,
        "client_type": null,
        "starttime": "2014-01-25T13:44:49",
        "timezone": "0000",
        "demo_stream_enabled": false,
        "device_id": "session-for-admin-uploads"
    },
    "model": "rw.session",
    "pk": 1
},
{
    "fields": {
        "client_system": null,
        "language": 1,
        "project": 1,
        "stoptime": "2012-08-27T00:15:52",
        "client_type": null,
        "starttime": "2012-08-27T00:11:48",
        "timezone": "0000",
        "demo_stream_enabled": false,
        "device_id": "test-session"
    },
    "model": "rw.session",
    "pk": 2
},
{
    "fields": {
        "data": "",
        "name": "question"
    },
    "model": "rw.tagcategory",
    "pk": 2
},
{
    "fields": {
        "data": "",
        "name": "gender"
    },
    "model": "rw.tagcategory",
    "pk": 3
},
{
    "fields": {
        "data": "",
        "name": "usertype"
    },
    "model": "rw.tagcategory",
    "pk": 4
},
{
    "fields": {
        "data": "",
        "name": "admin"
    },
    "model": "rw.tagcategory",
    "pk": 6
},
{
    "fields": {
        "data": "",
        "name": "channel"
    },
    "model": "rw.tagcategory",
    "pk": 7
},
{
    "fields": {
        "relationships": [
            3,
            4,
            5,
            8,
            9,
            22,
            23
        ],
        "loc_msg": [
            5,
            6
        ],
        "description": "male",
        "value": "male",
        "filter": "",
        "loc_description": [],
        "data": "class=tag-one",
        "tag_category": 3
    },
    "model": "rw.tag",
    "pk": 3
},
{
    "fields": {
        "relationships": [
            3,
            4,
            5,
            8,
            9,
            22,
            23
        ],
        "loc_msg": [
            7,
            8
        ],
        "description": "female",
        "value": "female",
        "filter": "",
        "loc_description": [],
        "data": "class=tag-one",
        "tag_category": 3
    },
    "model": "rw.tag",
    "pk": 4
},
{
    "fields": {
        "relationships": [
            3,
            4,
            5,
            8,
            9,
            22,
            23
        ],
        "loc_msg": [
            9,
            10
        ],
        "description": "Why are you using Roundware?",
        "value": "Why RW?",
        "filter": "",
        "loc_description": [],
        "data": "class=tag-one",
        "tag_category": 2
    },
    "model": "rw.tag",
    "pk": 5
},
{
    "fields": {
        "relationships": [
            3,
            4,
            5,
            8,
            9,
            22,
            23
        ],
        "loc_msg": [
            15,
            16
        ],
        "description": "Artist",
        "value": "Artist",
        "filter": "",
        "loc_description": [],
        "data": "class=tag-one",
        "tag_category": 4
    },
    "model": "rw.tag",
    "pk": 8
},
{
    "fields": {
        "relationships": [
            3,
            4,
            5,
            8,
            9,
            22,
            23
        ],
        "loc_msg": [
            17,
            18
        ],
        "description": "Visitor",
        "value": "Visitor",
        "filter": "",
        "loc_description": [],
        "data": "class=tag-one",
        "tag_category": 4
    },
    "model": "rw.tag",
    "pk": 9
},
{
    "fields": {
        "relationships": [],
        "loc_msg": [
            41,
            42
        ],
        "description": "Leave feedback",
        "value": "feedback",
        "filter": "",
        "loc_description": [],
        "data": "",
        "tag_category": 6
    },
    "model": "rw.tag",
    "pk": 21
},
{
    "fields": {
        "relationships": [
            3,
            4,
            5,
            8,
            9,
            22,
            23
        ],
        "loc_msg": [
            43,
            44
        ],
        "description": "Respond to something you've heard.",
        "value": "respond",
        "filter": "",
        "loc_description": [],
        "data": "class=tag-one",
        "tag_category": 2
    },
    "model": "rw.tag",
    "pk": 22
},
{
    "fields": {
        "relationships": [
            3,
            4,
            5,
            8,
            9,
            22,
            23
        ],
        "loc_msg": [
            57
        ],
        "description": "curator",
        "value": "curator",
        "filter": "",
        "loc_description": [],
        "data": "class=tag-one",
        "tag_category": 4
    },
    "model": "rw.tag",
    "pk": 23
},
{
    "fields": {
        "relationships": [],
        "loc_msg": [
            58
        ],
        "description": "recent",
        "value": "recent",
        "filter": "_ten_most_recent_days",
        "loc_description": [
            58
        ],
        "data": "",
        "tag_category": 7
    },
    "model": "rw.tag",
    "pk": 24
},
{
    "fields": {
        "relationships": [],
        "loc_msg": [
            59
        ],
        "description": "nearby",
        "value": "nearby",
        "filter": "_within_10km",
        "loc_description": [
            59
        ],
        "data": "",
        "tag_category": 7
    },
    "model": "rw.tag",
    "pk": 25
},
{
    "fields": {
        "index": 1,
        "name": "What genders do you want to listen to?",
        "project": 1,
        "ui_mode": "listen",
        "active": true,
        "header_text_loc": [
            55,
            56
        ],
        "select": "min_one",
        "tag_category": 3
    },
    "model": "rw.masterui",
    "pk": 1
},
{
    "fields": {
        "index": 3,
        "name": "What do you want to listen to?",
        "project": 1,
        "ui_mode": "listen",
        "active": true,
        "header_text_loc": [
            63
        ],
        "select": "min_one",
        "tag_category": 2
    },
    "model": "rw.masterui",
    "pk": 3
},
{
    "fields": {
        "index": 1,
        "name": "What gender are you?",
        "project": 1,
        "ui_mode": "speak",
        "active": true,
        "header_text_loc": [
            64
        ],
        "select": "single",
        "tag_category": 3
    },
    "model": "rw.masterui",
    "pk": 4
},
{
    "fields": {
        "index": 3,
        "name": "What do you want to talk about?",
        "project": 1,
        "ui_mode": "speak",
        "active": true,
        "header_text_loc": [
            62
        ],
        "select": "single",
        "tag_category": 2
    },
    "model": "rw.masterui",
    "pk": 6
},
{
    "fields": {
        "index": 2,
        "name": "Who do you want to hear?",
        "project": 1,
        "ui_mode": "listen",
        "active": true,
        "header_text_loc": [
            60
        ],
        "select": "min_one",
        "tag_category": 4
    },
    "model": "rw.masterui",
    "pk": 7
},
{
    "fields": {
        "index": 2,
        "name": "Who are you?",
        "project": 1,
        "ui_mode": "speak",
        "active": true,
        "header_text_loc": [
            61
        ],
        "select": "single",
        "tag_category": 4
    },
    "model": "rw.masterui",
    "pk": 8
},
{
    "fields": {
        "default": true,
        "index": 2,
        "master_ui": 1,
        "tag": 3,
        "active": true
    },
    "model": "rw.uimapping",
    "pk": 1
},
{
    "fields": {
        "default": true,
        "index": 1,
        "master_ui": 1,
        "tag": 4,
        "active": true
    },
    "model": "rw.uimapping",
    "pk": 2
},
{
    "fields": {
        "default": true,
        "index": 1,
        "master_ui": 3,
        "tag": 5,
        "active": true
    },
    "model": "rw.uimapping",
    "pk": 5
},
{
    "fields": {
        "default": false,
        "index": 2,
        "master_ui": 4,
        "tag": 3,
        "active": true
    },
    "model": "rw.uimapping",
    "pk": 8
},
{
    "fields": {
        "default": false,
        "index": 1,
        "master_ui": 4,
        "tag": 4,
        "active": true
    },
    "model": "rw.uimapping",
    "pk": 9
},
{
    "fields": {
        "default": false,
        "index": 1,
        "master_ui": 6,
        "tag": 5,
        "active": true
    },
    "model": "rw.uimapping",
    "pk": 12
},
{
    "fields": {
        "default": true,
        "index": 1,
        "master_ui": 7,
        "tag": 8,
        "active": true
    },
    "model": "rw.uimapping",
    "pk": 15
},
{
    "fields": {
        "default": true,
        "index": 2,
        "master_ui": 7,
        "tag": 9,
        "active": true
    },
    "model": "rw.uimapping",
    "pk": 16
},
{
    "fields": {
        "default": false,
        "index": 1,
        "master_ui": 8,
        "tag": 9,
        "active": true
    },
    "model": "rw.uimapping",
    "pk": 17
},
{
    "fields": {
        "default": false,
        "index": 2,
        "master_ui": 8,
        "tag": 8,
        "active": true
    },
    "model": "rw.uimapping",
    "pk": 53
},
{
    "fields": {
        "default": true,
        "index": 2,
        "master_ui": 3,
        "tag": 22,
        "active": true
    },
    "model": "rw.uimapping",
    "pk": 54
},
{
    "fields": {
        "default": false,
        "index": 2,
        "master_ui": 6,
        "tag": 22,
        "active": true
    },
    "model": "rw.uimapping",
    "pk": 55
},
{
    "fields": {
        "minpanpos": 0.0,
        "minvolume": 1.0,
        "maxfadeouttime": 2000000000.0,
        "mindeadair": 1000000000.0,
        "maxpanduration": 10000000000.0,
        "minpanduration": 5000000000.0,
        "maxpanpos": 0.0,
        "project": 1,
        "minfadeintime": 100000000.0,
        "maxdeadair": 3000000000.0,
        "minfadeouttime": 100000000.0,
        "repeatrecordings": false,
        "minduration": 10000000000.0,
        "maxvolume": 1.0,
        "maxduration": 30000000000.0,
        "maxfadeintime": 500000000.0
    },
    "model": "rw.audiotrack",
    "pk": 1
},
{
    "fields": {
        "project": 1,
        "weight": 50,
        "language": 1,
        "created": "2012-07-24T18:06:40",
        "tags": [
            3,
            5,
            8
        ],
        "mediatype": "audio",
        "longitude": 1.0,
        "filename": "rw_test_audio1.wav",
        "volume": 1.0,
        "session": 1,
        "submitted": true,
        "file": "",
        "initialenvelope": null,
        "latitude": 1.0,
        "loc_description": [],
        "audiolength": 30000000000,
        "description": ""
    },
    "model": "rw.asset",
    "pk": 1
},
{
    "fields": {
        "session": 1,
        "assets": [
            1
        ],
        "created": "2013-01-21T10:36:44"
    },
    "model": "rw.envelope",
    "pk": 1
},
{
    "fields": {
        "attenuation_distance": 10000,
        "code": "1",
        "backupuri": "http://scapesaudio.dyndns.org:8000/scapes1.mp3",
        "uri": "http://scapesaudio.dyndns.org:8000/scapes1.mp3",
        "longitude": 1.0,
        "activeyn": true,
        "project": 1,
        "shape": "MULTIPOLYGON (((1.0711669921875000 1.3841426927920160, 1.0052490234375000 1.4829886856602810, 0.9173583984375000 1.5269188384985191, 0.7745361328125000 1.4939713066293241, 0.7305908203125000 1.4170918294416390, 0.6976318359375000 1.5159363834516859, 0.6207275390625000 1.5269188384985191, 0.6097412109375000 0.8019757647536730, 0.6138610839843750 0.5479347630518130, 0.4092407226562500 0.5987439850125230, 0.2279663085937500 0.7140928403610860, 0.1071166992187500 0.9118267425981090, 0.0741577148437500 1.1177879741676240, 0.0686645507812500 1.2880384688779301, 0.1181030273437500 1.4857343460277450, 0.2416992187500000 1.6724309149453820, 0.4339599609375000 1.8069513703020781, 0.7470703125000000 1.8838157762628480, 1.0382080078125000 1.8453839885731871, 1.3018798828125000 1.6587038068676121, 1.4282226562500000 1.4061088354351590, 1.4392089843750000 1.0985654960406519, 1.3677978515625000 0.8514090937773030, 1.1920166015625000 0.6481795331595090, 0.9667968750000000 0.5602938041720860, 0.7580566406250000 0.5438150769842830, 0.6234741210937500 0.5458749203708350, 0.6179809570312500 0.8040354989710560, 0.7525634765625000 0.8019757647536730, 0.7635498046875000 1.2633253574893240, 0.8404541015625000 1.3731595449619911, 0.9503173828125000 1.3896342476555250, 1.0134887695312500 1.3045137436059020, 1.0711669921875000 1.3841426927920160)))",
        "minvolume": 0.0,
        "mindistance": 10000,
        "latitude": 1.0,
        "maxvolume": 0.5,
        "boundary": "MULTILINESTRING ((1.0711669921875000 1.3841426927920160, 1.0052490234375000 1.4829886856602810, 0.9173583984375000 1.5269188384985191, 0.7745361328125000 1.4939713066293241, 0.7305908203125000 1.4170918294416390, 0.6976318359375000 1.5159363834516859, 0.6207275390625000 1.5269188384985191, 0.6097412109375000 0.8019757647536730, 0.6138610839843750 0.5479347630518130, 0.4092407226562500 0.5987439850125230, 0.2279663085937500 0.7140928403610860, 0.1071166992187500 0.9118267425981090, 0.0741577148437500 1.1177879741676240, 0.0686645507812500 1.2880384688779301, 0.1181030273437500 1.4857343460277450, 0.2416992187500000 1.6724309149453820, 0.4339599609375000 1.8069513703020781, 0.7470703125000000 1.8838157762628480, 1.0382080078125000 1.8453839885731871, 1.3018798828125000 1.6587038068676121, 1.4282226562500000 1.4061088354351590, 1.4392089843750000 1.0985654960406519, 1.3677978515625000 0.8514090937773030, 1.1920166015625000 0.6481795331595090, 0.9667968750000000 0.5602938041720860, 0.7580566406250000 0.5438150769842830, 0.6234741210937500 0.5458749203708350, 0.6179809570312500 0.8040354989710560, 0.7525634765625000 0.8019757647536730, 0.7635498046875000 1.2633253574893240, 0.8404541015625000 1.3731595449619911, 0.9503173828125000 1.3896342476555250, 1.0134887695312500 1.3045137436059020, 1.0711669921875000 1.3841426927920160))",
        "attenuation_border": "LINESTRING (0.7576665031000797 1.5828279051718179, 0.7550861000194021 1.5854285005707252, 0.7414553709287635 1.5948490383456539, 0.7263397569517074 1.6015954654810673, 0.7102515434651236 1.6054392358505132, 0.6333426549814257 1.6164173211414261, 0.6164515821628574 1.6172102072523014, 0.5997123657514172 1.6148033014224401, 0.5837182422513343 1.6092820218679167, 0.5690359907056998 1.6008421459390287, 0.5561858483896838 1.5897828550977242, 0.5456230837236352 1.5764961186556052, 0.5377218781906058 1.5614527946891597, 0.5327620861158189 1.5451859421007721, 0.5309193384562408 1.5282719355810479, 0.5199574682791879 0.8033770150720787, 0.5199588252084469 0.8004909469005239, 0.5221840648544255 0.6637973416637588, 0.4448912891782534 0.6829827991712127, 0.2935232705890619 0.7792894475260059, 0.1929099739204994 0.9439026120156955, 0.1636955488615346 1.1264741255776980, 0.1588023198777822 1.2782873956609879, 0.2013988978765634 1.4485845488222908, 0.3069730053046025 1.6080350005590753, 0.4715003125417765 1.7231343573460940, 0.7520408457408637 1.7919840186640077, 1.0045904871594058 1.7586315641148156, 1.2317445590713352 1.5977946458441470, 1.3391302564151546 1.3831040310340144, 1.3489000488761385 1.1098527853218005, 1.2870559841952660 0.8957783455800905, 1.1388487201222843 0.7244141733681161, 0.9466279362123221 0.6493940883235929, 0.7552198913843188 0.6342721008157278, 0.7114029236923362 0.6349403039990129, 0.7097600452171897 0.7122206260000548, 0.7511939482335772 0.7115833912351592, 0.7686401017153063 0.7130326764626178, 0.7854757261884732 0.7178615344374475, 0.8010610953598878 0.7258865970728718, 0.8148039456868899 0.7368030242432240, 0.8261819916572883 0.7501960748325082, 0.8347627861907977 0.7655568594787501, 0.8402201693819966 0.7823016771013811, 0.8423466783177365 0.7997942002626190, 0.8526961228615474 1.2337023088042034, 0.8917274222073984 1.2894401341122468, 0.9104658054121313 1.2922490177952832, 0.9415140771343041 1.2504094513303972, 0.9527631938984652 1.2378841588605547, 0.9661298428730546 1.2276821279150558, 0.9811480019701028 1.2201591315610101, 0.9972940582879058 1.2155775545094611, 1.0140050526771727 1.2140972372119152, 1.0306982987313473 1.2157698918292839, 1.0467916936272530 1.2205372863383535, 1.0617240134930219 1.2282332618921765, 1.0749744858482166 1.2385895148663075, 1.0860809562424731 1.2512449435023862, 1.1437651939593063 1.3308738269083040, 1.1529641564616706 1.3467395842172636, 1.1587874408780672 1.3641491556907743, 1.1609945966856925 1.3823840080625815, 1.1594944305121475 1.4006915161501905, 1.1543487865886910 1.4183160379409565, 1.1457700055592788 1.4345301171535831, 1.0798480248580797 1.5333806607409053, 1.0701220951727035 1.5455442872566902, 1.0584618782134885 1.5558426561528858, 1.0452150883062801 1.5639687140877951, 0.9573176044590592 1.6078971829093855, 0.9380294996376864 1.6149060786986980, 0.9176646880812974 1.6173306559773359, 0.8972843130879674 1.6150447572201854, 0.7576665031000797 1.5828279051718179)",
        "maxdistance": 20000
    },
    "model": "rw.speaker",
    "pk": 1
},
{
    "fields": {
        "client_type": null,
        "user": 1,
        "device_id": null
    },
    "model": "rw.userprofile",
    "pk": 1
}
]
